pred_id,line_idx,doc_id,chunk_id,subject,predicate,object,alignable,matched,gold_subject,gold_predicate,gold_object,overall_score,subject_score,relation_score,object_score,reason_for_novelty,legacy_reason
0,0,,,Business_Capability,defines,Organization_Function,False,False,,,,,,,,entity_mismatch,known_relation_but_subject_and_object_not_allowed
1,0,,,Business_Capability,independentOf,Business_Process,False,False,,,,,,,,unknown_relation,unknown_relation
2,0,,,Business_Capability,independentOf,IT_System,False,False,,,,,,,,unknown_relation,unknown_relation
3,0,,,Business_Capability,independentOf,Organizational_Structure,False,False,,,,,,,,unknown_relation,unknown_relation
4,0,,,Business_Capability,usedBy,Enterprise_Architect,False,False,,,,,,,,unknown_relation,unknown_relation
5,0,,,Business_Capability,defines,Cross_Functional_Needs,False,False,,,,,,,,entity_mismatch,known_relation_but_subject_and_object_not_allowed
6,0,,,Business_Capability,provides,Common_Language,False,False,,,,,,,,entity_mismatch,known_relation_but_subject_and_object_not_allowed
7,0,,,Business_Capability,defines,Technology_Requirement,False,False,,,,,,,,entity_mismatch,known_relation_but_subject_and_object_not_allowed
8,0,,,Business_Capability,forms,Foundational_Layer,False,False,,,,,,,,unknown_relation,unknown_relation
9,0,,,Foundational_Layer,enables,Alignment_Business_Strategy_IT_Execution,False,False,,,,,,,,unknown_relation,unknown_relation
10,1,,,Business_Capability,defines,Core_Purpose,False,False,,,,,,,,entity_mismatch,known_relation_but_subject_and_object_not_allowed
11,1,,,Business_Capability,usedIn,Strategic_Planning,False,False,,,,,,,,unknown_relation,unknown_relation
12,1,,,Business_Capability,usedIn,Capability_Mapping,False,False,,,,,,,,unknown_relation,unknown_relation
13,1,,,Business_Capability,usedIn,IT_Alignment,False,False,,,,,,,,unknown_relation,unknown_relation
14,2,,,Business_Capability,usedFor,Application_Classification,False,False,,,,,,,,unknown_relation,unknown_relation
15,2,,,Application_Classification,distinguishes,Business_Application,False,False,,,,,,,,unknown_relation,unknown_relation
16,2,,,Application_Classification,distinguishes,Technical_Component,False,False,,,,,,,,unknown_relation,unknown_relation
17,2,,,Business_Capability,enables,Business_Aligned_IT_Landscape_Analysis,False,False,,,,,,,,unknown_relation,unknown_relation
18,3,,,Business_Capability,defines,Organizational_Ability,False,False,,,,,,,,entity_mismatch,known_relation_but_subject_and_object_not_allowed
19,3,,,Business_Process,describes,Execution_of_Business_Capability,False,False,,,,,,,,unknown_relation,unknown_relation
20,4,,,IT_Product,supports,Business_Capability,True,True,it product,supports,business capability,1.0,1.0,1.0,1.0,,
21,4,,,Application_Portfolio,optimizedBy,Business_Capability,False,False,,,,,,,,unknown_relation,unknown_relation
22,5,,,Application,supports,Business_Capability,True,False,,,,,,,,relation_mismatch,known_relation_but_subject_not_allowed
23,5,,,Business_Capability,alignedWith,Corporate_Goal,False,False,,,,,,,,unknown_relation,unknown_relation
24,6,,,Business_Capability,distinctFrom,Business_Process,False,False,,,,,,,,unknown_relation,unknown_relation
25,6,,,Business_Capability,associatedWith,IT_Landscape,False,False,,,,,,,,unknown_relation,unknown_relation
26,6,,,Business_Capability,associatedWith,Application,False,False,,,,,,,,unknown_relation,unknown_relation
27,6,,,Business_Capability,alignedWith,Strategy,False,False,,,,,,,,unknown_relation,unknown_relation
28,6,,,Application,classifiedAs,Business_Application,False,False,,,,,,,,unknown_relation,unknown_relation
29,6,,,Application,classifiedAs,Technical_Component,False,False,,,,,,,,unknown_relation,unknown_relation
30,9,,,Digital_Solution,delivers,Business_Value,False,False,,,,,,,,unknown_relation,unknown_relation
31,9,,,Digital_Solution,integrates,IT_Product,False,False,,,,,,,,unknown_relation,unknown_relation
32,9,,,IT_Product,implements,Business_Functionality,False,False,,,,,,,,unknown_relation,unknown_relation
33,9,,,Digital_Solution,mayInclude,Business_Process,False,False,,,,,,,,unknown_relation,unknown_relation
34,9,,,Digital_Solution,mayInclude,Method_and_Practice,False,False,,,,,,,,unknown_relation,unknown_relation
35,9,,,Digital_Solution,mayInclude,Organizational_Structure,False,False,,,,,,,,unknown_relation,unknown_relation
36,10,,,Digital_Solution,consists_of,IT_Product,True,True,digital solution,consists of,it product,1.0,1.0,1.0,1.0,,
37,10,,,IT_Product,classifiedAs,Application,False,False,,,,,,,,unknown_relation,unknown_relation
38,10,,,IT_Product,classifiedAs,Business_Service,False,False,,,,,,,,unknown_relation,unknown_relation
39,10,,,IT_Product,classifiedAs,Business_Platform,False,False,,,,,,,,unknown_relation,unknown_relation
40,10,,,IT_Product,includes,Associated_Technology,False,False,,,,,,,,unknown_relation,unknown_relation
41,10,,,IT_Product,supports,Process,True,True,it product,supports,process,1.0,1.0,1.0,1.0,,
42,10,,,IT_Product,supports,Data_Entity,False,False,,,,,,,,entity_mismatch,known_relation_but_object_not_allowed
43,10,,,Digital_Solution,supports,Operational_Value_Stream,False,False,,,,,,,,entity_mismatch,known_relation_but_object_not_allowed
44,10,,,Digital_Solution,developedWithin,Agile_Release_Train,False,False,,,,,,,,unknown_relation,unknown_relation
45,10,,,Digital_Solution,managedWithin,Portfolio,False,False,,,,,,,,unknown_relation,unknown_relation
46,10,,,Digital_Solution,developedWithin,Agile_Team,False,False,,,,,,,,unknown_relation,unknown_relation
47,10,,,Agile_Team,partOf,Development_Value_Stream,False,False,,,,,,,,unknown_relation,unknown_relation
48,10,,,IT_Product,independentlyDeployableWithin,Digital_Solution,False,False,,,,,,,,unknown_relation,unknown_relation
49,11,,,Digital_Solution,mayInclude,Organizational_Element,False,False,,,,,,,,unknown_relation,unknown_relation
50,11,,,IT_Product,classifiedAs,Service,False,False,,,,,,,,unknown_relation,unknown_relation
51,11,,,IT_Product,classifiedAs,Platform,False,False,,,,,,,,unknown_relation,unknown_relation
52,11,,,IT_Product,includes,Supporting_Technology,False,False,,,,,,,,unknown_relation,unknown_relation
53,11,,,IT_Product,isSelfContained,Logical_Boundary,False,False,,,,,,,,unknown_relation,unknown_relation
54,11,,,Digital_Solution,supports,Business_Capability,True,True,digital solution,supports,business capability,1.0,1.0,1.0,1.0,,
55,11,,,Digital_Solution,supports,Business_Process,False,False,,,,,,,,entity_mismatch,known_relation_but_object_not_allowed
56,11,,,Digital_Solution,supports,Data_Entity,False,False,,,,,,,,entity_mismatch,known_relation_but_object_not_allowed
57,11,,,IT_Product,developedWithin,Development_Value_Stream,False,False,,,,,,,,unknown_relation,unknown_relation
58,11,,,IT_Product,isSelfContained,True,False,False,,,,,,,,unknown_relation,unknown_relation
59,12,,,Digital_Solution,delivers,End_to_End_Value,False,False,,,,,,,,unknown_relation,unknown_relation
60,12,,,Digital_Solution,enables,Organization,False,False,,,,,,,,unknown_relation,unknown_relation
61,12,,,Organization,alignedWith,Technical_Delivery_with_Business_Strategy_and_Customer_Needs,False,False,,,,,,,,unknown_relation,unknown_relation
62,16,,,Business_Architecture,includes,Organization,False,False,,,,,,,,unknown_relation,unknown_relation
63,16,,,Business_Architecture,includes,Business_Capability,False,False,,,,,,,,unknown_relation,unknown_relation
64,16,,,Business_Architecture,includes,Process,False,False,,,,,,,,unknown_relation,unknown_relation
65,16,,,Application_Architecture,includes,Digital_Solution,False,False,,,,,,,,unknown_relation,unknown_relation
66,16,,,Application_Architecture,includes,IT_Product,False,False,,,,,,,,unknown_relation,unknown_relation
67,16,,,Application_Architecture,includes,Interface,False,False,,,,,,,,unknown_relation,unknown_relation
68,16,,,Information_Architecture,manages,Data_Object,False,False,,,,,,,,unknown_relation,unknown_relation
69,17,,,Technology_Architecture,supports,Application,False,False,,,,,,,,entity_mismatch,known_relation_but_subject_not_allowed
70,17,,,Application,requires,Infrastructure,False,False,,,,,,,,entity_mismatch,known_relation_but_object_not_allowed
71,17,,,Infrastructure,includes,IT_Product,False,False,,,,,,,,unknown_relation,unknown_relation
72,17,,,Infrastructure,includes,IT_Component,False,False,,,,,,,,unknown_relation,unknown_relation
73,17,,,Infrastructure,includes,Tech_Capability,False,False,,,,,,,,unknown_relation,unknown_relation
74,17,,,Business_Architecture,combinedWith,Information_Systems_Architecture,False,False,,,,,,,,unknown_relation,unknown_relation
75,17,,,Business_Architecture,forms,Business_Architecture_Domain,False,False,,,,,,,,unknown_relation,unknown_relation
76,18,,,Initiative,represents,Strategic_Goal,False,False,,,,,,,,unknown_relation,unknown_relation
77,19,,,Business_Architecture,captures,Organization,False,False,,,,,,,,unknown_relation,unknown_relation
78,19,,,Business_Architecture,captures,Business_Capability,False,False,,,,,,,,unknown_relation,unknown_relation
79,19,,,Business_Architecture,captures,Process,False,False,,,,,,,,unknown_relation,unknown_relation
80,20,,,Digital_Solution,realizes,Business_Capability,True,False,,,,,,,,relation_mismatch,known_relation_but_subject_and_object_not_allowed
81,20,,,Digital_Solution,includes,Application_Architecture,False,False,,,,,,,,unknown_relation,unknown_relation
82,20,,,Digital_Solution,includes,Information_Data_Architecture,False,False,,,,,,,,unknown_relation,unknown_relation
83,20,,,Information_Data_Architecture,includes,Information_Object,False,False,,,,,,,,unknown_relation,unknown_relation
84,21,,,Technology_Architecture,describes,Technical_Infrastructure,False,False,,,,,,,,unknown_relation,unknown_relation
85,21,,,Technology_Architecture,includes,IT_Component,False,False,,,,,,,,unknown_relation,unknown_relation
86,21,,,Technology_Architecture,includes,Tech_Capability,False,False,,,,,,,,unknown_relation,unknown_relation
87,24,,,Architecture_Vision,includes,Objective,False,False,,,,,,,,unknown_relation,unknown_relation
88,24,,,Architecture_Vision,includes,Initiative,False,False,,,,,,,,unknown_relation,unknown_relation
89,24,,,Information_Systems_Architecture,includes,Digital_Solution,False,False,,,,,,,,unknown_relation,unknown_relation
90,24,,,Information_Systems_Architecture,includes,IT_Product,False,False,,,,,,,,unknown_relation,unknown_relation
91,24,,,Information_Systems_Architecture,includes,Interface,False,False,,,,,,,,unknown_relation,unknown_relation
92,24,,,Information_Architecture,includes,Data_Object,False,False,,,,,,,,unknown_relation,unknown_relation
93,24,,,Technology_Architecture,includes,IT_Product,False,False,,,,,,,,unknown_relation,unknown_relation
94,28,,,IT_Component,partOf,Technical_Architecture,False,False,,,,,,,,unknown_relation,unknown_relation
95,28,,,IT_Component,enables,IT_Product_Functionality,False,False,,,,,,,,unknown_relation,unknown_relation
96,28,,,IT_Component,classifiedAs,Commercial_Off_The_Shelf_Product,False,False,,,,,,,,unknown_relation,unknown_relation
97,28,,,IT_Component,classifiedAs,Custom_Developed_Software,False,False,,,,,,,,unknown_relation,unknown_relation
98,29,,,IT_Component,partOf,IT_Product,False,False,,,,,,,,unknown_relation,unknown_relation
99,29,,,IT_Component,usedWithin,Technical_Platform,False,False,,,,,,,,unknown_relation,unknown_relation
100,29,,,IT_Component,enables,IT_Product_Operation,False,False,,,,,,,,unknown_relation,unknown_relation
101,29,,,IT_Component,supports,Strategic_IT_Planning,False,False,,,,,,,,entity_mismatch,known_relation_but_subject_and_object_not_allowed
102,29,,,IT_Component,supports,Architecture_Governance,False,False,,,,,,,,entity_mismatch,known_relation_but_subject_and_object_not_allowed
103,33,,,IT_Component,supports,IT_Product,True,False,,,,,,,,relation_mismatch,known_relation_but_subject_not_allowed
104,33,,,IT_Component,encapsulatedWithin,Technical_Platform,False,False,,,,,,,,unknown_relation,unknown_relation
105,33,,,IT_Component,integratedInto,IT_Product,False,False,,,,,,,,unknown_relation,unknown_relation
106,33,,,IT_Component,enables,Lifecycle_Planning,False,False,,,,,,,,unknown_relation,unknown_relation
107,33,,,IT_Component,enables,Documentation_of_Ownership,False,False,,,,,,,,unknown_relation,unknown_relation
108,33,,,IT_Component,enables,Transparency_in_Technical_Landscape,False,False,,,,,,,,unknown_relation,unknown_relation
109,33,,,IT_Component,enables,Identification_of_Redundancies,False,False,,,,,,,,unknown_relation,unknown_relation
110,33,,,IT_Component,enables,Identification_of_Gaps,False,False,,,,,,,,unknown_relation,unknown_relation
111,33,,,IT_Component,enables,Discovery_of_Synergies,False,False,,,,,,,,unknown_relation,unknown_relation
112,33,,,Documentation,contributesTo,Operational_Stability,False,False,,,,,,,,unknown_relation,unknown_relation
113,33,,,Documentation,contributesTo,Operational_Reliability,False,False,,,,,,,,unknown_relation,unknown_relation
114,37,,,Application,supports,Business_Process,False,False,,,,,,,,entity_mismatch,known_relation_but_subject_and_object_not_allowed
115,37,,,Application,contributesTo,Business_Capability,False,False,,,,,,,,unknown_relation,unknown_relation
116,37,,,Application,requires,IT_Component,True,True,application,requires,it component,1.0,1.0,1.0,1.0,,
117,37,,,Application,includes,Tool,False,False,,,,,,,,unknown_relation,unknown_relation
118,37,,,Application,includes,System,False,False,,,,,,,,unknown_relation,unknown_relation
119,37,,,Application,includes,Software,False,False,,,,,,,,unknown_relation,unknown_relation
120,37,,,Application,includes,User_Interface,False,False,,,,,,,,unknown_relation,unknown_relation
121,37,,,Application,mayExpose,API,False,False,,,,,,,,unknown_relation,unknown_relation
122,37,,,Application,supports,Operational_Value_Stream,False,False,,,,,,,,entity_mismatch,known_relation_but_subject_and_object_not_allowed
123,37,,,Platform,provides,Technical_Infrastructure,False,False,,,,,,,,entity_mismatch,known_relation_but_subject_and_object_not_allowed
124,37,,,Platform,includes,IT_Component,False,False,,,,,,,,unknown_relation,unknown_relation
125,37,,,Platform,mayInclude,Platform,False,False,,,,,,,,unknown_relation,unknown_relation
126,37,,,Platform,servesAsFoundationFor,Application,False,False,,,,,,,,unknown_relation,unknown_relation
127,38,,,IT_Product,centralModelingObjectIn,Enterprise_Architecture,False,False,,,,,,,,unknown_relation,unknown_relation
128,38,,,IT_Product,enables,Functional_Development_Planning,False,False,,,,,,,,unknown_relation,unknown_relation
129,38,,,IT_Product,enables,Portfolio_and_Release_Planning,False,False,,,,,,,,unknown_relation,unknown_relation
130,38,,,IT_Product,documents,Security_Requirements,False,False,,,,,,,,unknown_relation,unknown_relation
131,38,,,IT_Product,documents,Compliance_Requirements,False,False,,,,,,,,unknown_relation,unknown_relation
132,38,,,IT_Product,documents,Data_Protection_Requirements,False,False,,,,,,,,unknown_relation,unknown_relation
133,38,,,IT_Product,documents,Governance_Requirements,False,False,,,,,,,,unknown_relation,unknown_relation
134,38,,,IT_Product,ensures,Compliance,True,False,,,,,,,,entity_mismatch,known_relation_but_subject_not_allowed
135,38,,,Compliance,includes,Data_Protection_Act,False,False,,,,,,,,unknown_relation,unknown_relation
136,38,,,Compliance,includes,Corporate_Due_Diligence,False,False,,,,,,,,unknown_relation,unknown_relation
137,38,,,Compliance,includes,Risk_Management_Obligations,False,False,,,,,,,,unknown_relation,unknown_relation
138,38,,,Compliance,includes,Information_Security_Standards,False,False,,,,,,,,unknown_relation,unknown_relation
139,38,,,IT_Product,servesAs,Information_Hub,False,False,,,,,,,,unknown_relation,unknown_relation
140,38,,,IT_Product,integratesWith,Enterprise_Tool,False,False,,,,,,,,unknown_relation,unknown_relation
141,38,,,Enterprise_Tool,supports,Enterprise_Process,False,False,,,,,,,,entity_mismatch,known_relation_but_subject_and_object_not_allowed
142,39,,,Application,accessedBy,UI_or_API,False,False,,,,,,,,unknown_relation,unknown_relation
143,39,,,Application,supports,Value_Stream,False,False,,,,,,,,entity_mismatch,known_relation_but_subject_and_object_not_allowed
144,39,,,Platform,provides,Infrastructure,False,False,,,,,,,,entity_mismatch,known_relation_but_subject_and_object_not_allowed
145,39,,,Platform,supports,Application_Development,False,False,,,,,,,,entity_mismatch,known_relation_but_subject_and_object_not_allowed
146,39,,,Platform,supports,Application_Operation,False,False,,,,,,,,entity_mismatch,known_relation_but_subject_and_object_not_allowed
147,39,,,Business_Capability,equivalentTo,IT_Product,False,False,,,,,,,,unknown_relation,unknown_relation
148,39,,,Technical_Capability,equivalentTo,IT_Component,False,False,,,,,,,,unknown_relation,unknown_relation
149,39,,,IT_Product,supports,Business,False,False,,,,,,,,entity_mismatch,known_relation_but_object_not_allowed
150,42,,,Initiative,requires,Resource,False,False,,,,,,,,entity_mismatch,known_relation_but_subject_and_object_not_allowed
151,42,,,Initiative,impacts,Enterprise_Architecture,False,False,,,,,,,,unknown_relation,unknown_relation
152,42,,,Initiative,contributesTo,Objective,False,False,,,,,,,,unknown_relation,unknown_relation
153,42,,,Initiative,enables,Strategic_Intent,False,False,,,,,,,,unknown_relation,unknown_relation
154,42,,,Initiative,enables,Execution,False,False,,,,,,,,unknown_relation,unknown_relation
155,42,,,Initiative,enables,Progress,False,False,,,,,,,,unknown_relation,unknown_relation
156,42,,,Progress,toward,Business_Goal,False,False,,,,,,,,unknown_relation,unknown_relation
157,43,,,Initiative,drives,Change,False,False,,,,,,,,unknown_relation,unknown_relation
158,43,,,Initiative,supports,Objective_Realization,False,False,,,,,,,,entity_mismatch,known_relation_but_object_not_allowed
159,43,,,Initiative,hasCharacteristic,Time_Bound,False,False,,,,,,,,unknown_relation,unknown_relation
160,43,,,Initiative,hasCharacteristic,Resource_Intensive,False,False,,,,,,,,unknown_relation,unknown_relation
161,43,,,Initiative,hasCharacteristic,Architecture_Relevant,False,False,,,,,,,,unknown_relation,unknown_relation
162,43,,,Initiative,operationalizes,Objective,False,False,,,,,,,,unknown_relation,unknown_relation
163,43,,,Initiative,enables,Traceable_Execution,False,False,,,,,,,,unknown_relation,unknown_relation
164,44,,,Initiative,affects,Business_Capability,True,True,initiative,affects,business capability,1.0,1.0,1.0,1.0,,
165,44,,,Initiative,affects,Business_Context,False,False,,,,,,,,entity_mismatch,known_relation_but_object_not_allowed
166,44,,,Initiative,affects,Application,True,False,,,,,,,,relation_mismatch,known_relation_but_object_not_allowed
167,44,,,Initiative,affects,Organization,True,False,,,,,,,,entity_mismatch,known_relation_but_object_not_allowed
168,44,,,Initiative,affects,Platform,False,False,,,,,,,,entity_mismatch,known_relation_but_object_not_allowed
169,44,,,Initiative,affects,IT_Component,True,True,initiative,affects,it component,1.0,1.0,1.0,1.0,,
170,47,,,Initiative,impacts,Architecture_Element,False,False,,,,,,,,unknown_relation,unknown_relation
171,47,,,Initiative,associatedWith,Objective,False,False,,,,,,,,unknown_relation,unknown_relation
172,50,,,Interface,connects,IT_Product,False,False,,,,,,,,unknown_relation,unknown_relation
173,50,,,Interface,models,Data_Exchange,False,False,,,,,,,,unknown_relation,unknown_relation
174,52,,,Interface,connects,Application,False,False,,,,,,,,unknown_relation,unknown_relation
175,52,,,Interface,exchanges,Data,False,False,,,,,,,,unknown_relation,unknown_relation
176,52,,,Information_Object_Type,describes,Data,False,False,,,,,,,,unknown_relation,unknown_relation
177,52,,,Interface,hasCharacteristic,Information_Object_Type,False,False,,,,,,,,unknown_relation,unknown_relation
178,52,,,Interface,hasCharacteristic,Direction,False,False,,,,,,,,unknown_relation,unknown_relation
179,52,,,Interface,hasCharacteristic,Frequency,False,False,,,,,,,,unknown_relation,unknown_relation
180,52,,,Application,residesIn,Application_Architecture,False,False,,,,,,,,unknown_relation,unknown_relation
181,52,,,Data,definedIn,Information_and_Data_Architecture,False,False,,,,,,,,unknown_relation,unknown_relation
182,52,,,Interface,bridges,Application_Architecture,False,False,,,,,,,,unknown_relation,unknown_relation
183,52,,,Interface,bridges,Information_and_Data_Architecture,False,False,,,,,,,,unknown_relation,unknown_relation
184,57,,,Fact_Sheet_Type,assignedLifecycle,Lifecycle,False,False,,,,,,,,unknown_relation,unknown_relation
185,57,,,Lifecycle_Data,supports,Strategic_Planning,False,False,,,,,,,,entity_mismatch,known_relation_but_subject_and_object_not_allowed
186,57,,,Lifecycle_Data,supports,Portfolio_Management,False,False,,,,,,,,entity_mismatch,known_relation_but_subject_and_object_not_allowed
187,57,,,Lifecycle_Data,supports,Compliance,False,False,,,,,,,,entity_mismatch,known_relation_but_subject_and_object_not_allowed
188,57,,,Lifecycle_Data,supports,Impact_Analysis,False,False,,,,,,,,entity_mismatch,known_relation_but_subject_and_object_not_allowed
189,57,,,Lifecycle_Data,supports,Architecture_Governance,False,False,,,,,,,,entity_mismatch,known_relation_but_subject_and_object_not_allowed
190,58,,,Organizational_Responsibility,definedAt,Organizational_Structure_Level,False,False,,,,,,,,unknown_relation,unknown_relation
191,58,,,Organizational_Responsibility,definedAt,Process_Organization_Level,False,False,,,,,,,,unknown_relation,unknown_relation
192,58,,,Organizational_Responsibility,hasType,Functional_Responsibility,False,False,,,,,,,,unknown_relation,unknown_relation
193,58,,,Organizational_Responsibility,hasType,Technical_Responsibility,False,False,,,,,,,,unknown_relation,unknown_relation
194,60,,,IT_Product,developedWithin,Agile_Release_Train,False,False,,,,,,,,unknown_relation,unknown_relation
195,60,,,IT_Product,operatedBy,Agile_Release_Train,False,False,,,,,,,,unknown_relation,unknown_relation
196,60,,,IT_Product,managedWithin,Portfolio,False,False,,,,,,,,unknown_relation,unknown_relation
197,62,,,Fact_Sheet,hasSuccessor,Fact_Sheet,False,False,,,,,,,,unknown_relation,unknown_relation
198,62,,,Fact_Sheet,hasPredecessor,Fact_Sheet,False,False,,,,,,,,unknown_relation,unknown_relation
199,66,,,Parent_Child_Relation,models,Hierarchical_Dependency,False,False,,,,,,,,unknown_relation,unknown_relation
200,66,,,Hierarchical_Dependency,existsBetween,Fact_Sheet,False,False,,,,,,,,unknown_relation,unknown_relation
201,66,,,Parent_Child_Relation,structures,Complex_System,False,False,,,,,,,,unknown_relation,unknown_relation
202,66,,,Parent_Child_Relation,structures,Portfolio,False,False,,,,,,,,unknown_relation,unknown_relation
203,66,,,Parent_Child_Relation,structures,Organizational_Unit,False,False,,,,,,,,unknown_relation,unknown_relation
204,66,,,Parent_Child_Relation,defines,Containment_Hierarchy,False,False,,,,,,,,entity_mismatch,known_relation_but_subject_and_object_not_allowed
205,66,,,Parent_Child_Relation,defines,Ownership_Hierarchy,False,False,,,,,,,,entity_mismatch,known_relation_but_subject_and_object_not_allowed
206,68,,,Platform,consists_of,IT_Component,False,False,,,,,,,,entity_mismatch,known_relation_but_subject_and_object_not_allowed
207,68,,,Organization_Unit,consists_of,Sub_Unit,False,False,,,,,,,,entity_mismatch,known_relation_but_subject_and_object_not_allowed
208,68,,,Portfolio,consists_of,Product_Application,False,False,,,,,,,,entity_mismatch,known_relation_but_subject_and_object_not_allowed
209,69,,,Parent_Fact_Sheet,contains,Child_Fact_Sheet,False,False,,,,,,,,unknown_relation,unknown_relation
210,69,,,Child_Fact_Sheet,inheritsFrom,Parent_Fact_Sheet,False,False,,,,,,,,unknown_relation,unknown_relation
211,73,,,Business_Capability,servesAs,Strategic_Abstraction,False,False,,,,,,,,unknown_relation,unknown_relation
212,73,,,Business_Capability,represents,Functional_Need,False,False,,,,,,,,unknown_relation,unknown_relation
213,73,,,Business_Capability,enables,Business_IT_Alignment,False,False,,,,,,,,unknown_relation,unknown_relation
214,75,,,Business_Capability,hasSubtype,Structured_Element,False,False,,,,,,,,unknown_relation,unknown_relation
215,75,,,Business_Capability,hasSubtype,Business_Capability_Subtype,False,False,,,,,,,,unknown_relation,unknown_relation
216,75,,,Structured_Element,structures,Business_Capability,False,False,,,,,,,,unknown_relation,unknown_relation
217,75,,,Structured_Element,cannotLinkTo,Fact_Sheet,False,False,,,,,,,,unknown_relation,unknown_relation
218,75,,,Business_Capability_Subtype,canLinkTo,Fact_Sheet,False,False,,,,,,,,unknown_relation,unknown_relation
219,75,,,Structured_Element,represents,High_Level_Capability,False,False,,,,,,,,unknown_relation,unknown_relation
220,75,,,Business_Capability_Subtype,represents,Low_Level_Capability,False,False,,,,,,,,unknown_relation,unknown_relation
221,76,,,Organizational_Unit,extends,Business_Capability_Map,False,False,,,,,,,,unknown_relation,unknown_relation
222,76,,,Organizational_Unit,responsibleFor,Business_Capability,False,False,,,,,,,,entity_mismatch,known_relation_but_subject_not_allowed
223,78,,,Capability,supports,Enterprise_Architecture_Management,False,False,,,,,,,,entity_mismatch,known_relation_but_subject_and_object_not_allowed
224,78,,,Organizational_Unit,defines,Capability_Usage,False,False,,,,,,,,entity_mismatch,known_relation_but_subject_and_object_not_allowed
225,78,,,Business_Capability,associatedWith,Fact_Sheet,False,False,,,,,,,,unknown_relation,unknown_relation
226,78,,,Capability_Map,extendableBy,Custom_Extension,False,False,,,,,,,,unknown_relation,unknown_relation
227,78,,,Responsibility,ownedBy,Organizational_Unit,False,False,,,,,,,,entity_mismatch,known_relation_but_subject_and_object_not_allowed
228,81,,,Business_Process,importedFrom,Process_Modeling_Tool,False,False,,,,,,,,unknown_relation,unknown_relation
229,81,,,Business_Process,availableFor,Reference_and_Linkage,False,False,,,,,,,,unknown_relation,unknown_relation
230,81,,,Business_Process,associatedWith,Application,False,False,,,,,,,,unknown_relation,unknown_relation
231,81,,,IT_Product,exportedTo,Process_Modeling_Tool,False,False,,,,,,,,unknown_relation,unknown_relation
232,81,,,IT_Product,exportedAs,Application,False,False,,,,,,,,unknown_relation,unknown_relation
233,81,,,Application,assignedTo,Process_Activity,False,False,,,,,,,,unknown_relation,unknown_relation
234,81,,,Process_Modeling_Tool,synchronizesWith,Enterprise_Architecture_Repository,False,False,,,,,,,,unknown_relation,unknown_relation
235,82,,,Business_Capability,assignedTo,Process,False,False,,,,,,,,unknown_relation,unknown_relation
236,82,,,Modeling_Initiative,assignedTo,Process,False,False,,,,,,,,unknown_relation,unknown_relation
237,82,,,IT_Product,assignedTo,Process,False,False,,,,,,,,unknown_relation,unknown_relation
238,83,,,Process,createdIn,Process_Modeling_Tool,False,False,,,,,,,,unknown_relation,unknown_relation
239,83,,,Process,maintainedIn,Process_Modeling_Tool,False,False,,,,,,,,unknown_relation,unknown_relation
240,83,,,Process,synchronizedTo,Enterprise_Architecture_Repository,False,False,,,,,,,,unknown_relation,unknown_relation
241,83,,,Process_Modeling_Tool,usedFor,Process_Logic_Modeling,False,False,,,,,,,,unknown_relation,unknown_relation
242,83,,,Enterprise_Architecture_Repository,usedFor,Architecture_Context,False,False,,,,,,,,unknown_relation,unknown_relation
243,84,,,Initiative,associatedWith,Process,False,False,,,,,,,,unknown_relation,unknown_relation
244,84,,,Process,associatedWith,Business_Capability,False,False,,,,,,,,unknown_relation,unknown_relation
245,85,,,IT_Component,describes,Technical_Architecture,False,False,,,,,,,,unknown_relation,unknown_relation
246,85,,,IT_Component,includes,Infrastructure_Component,False,False,,,,,,,,unknown_relation,unknown_relation
247,85,,,IT_Component,includes,Platform_Component,False,False,,,,,,,,unknown_relation,unknown_relation
248,85,,,IT_Component,includes,Service_Component,False,False,,,,,,,,unknown_relation,unknown_relation
249,85,,,IT_Component,represents,Technical_Characteristic,False,False,,,,,,,,unknown_relation,unknown_relation
250,87,,,IT_Component,isTypeOf,Hardware_Unit,False,False,,,,,,,,unknown_relation,unknown_relation
251,87,,,IT_Component,isTypeOf,Software_Unit,False,False,,,,,,,,unknown_relation,unknown_relation
252,87,,,IT_Component,formsPartOf,Information_System,False,False,,,,,,,,unknown_relation,unknown_relation
253,87,,,IT_Component,assignedLifecycle,Vendor_Support_Lifecycle,False,False,,,,,,,,unknown_relation,unknown_relation
254,87,,,IT_Component,hasVendor,Vendor,False,False,,,,,,,,unknown_relation,unknown_relation
255,87,,,IT_Component,subjectTo,Service_Level_Agreement,False,False,,,,,,,,unknown_relation,unknown_relation
256,88,,,IT_Component,provides,Technical_Functionality,False,False,,,,,,,,entity_mismatch,known_relation_but_object_not_allowed
257,88,,,IT_Product,supports,Business_Process,False,False,,,,,,,,entity_mismatch,known_relation_but_object_not_allowed
258,88,,,IT_Product,consists_of,IT_Component,True,False,,,,,,,,direction_mismatch,known_relation_but_subject_and_object_not_allowed
259,88,,,IT_Service,consists_of,IT_Component,False,False,,,,,,,,entity_mismatch,known_relation_but_subject_and_object_not_allowed
260,90,,,Business_Data,notClassifiedAs,IT_Component,False,False,,,,,,,,unknown_relation,unknown_relation
261,92,,,IT_Product,linkedTo,IT_Component,False,False,,,,,,,,unknown_relation,unknown_relation
262,92,,,IT_Component,hasCharacteristic,Technical_Architecture,False,False,,,,,,,,unknown_relation,unknown_relation
263,92,,,IT_Component,hasCharacteristic,Vendor_Lifecycle,False,False,,,,,,,,unknown_relation,unknown_relation
264,92,,,IT_Component,hasCharacteristic,Operational_Independence,False,False,,,,,,,,unknown_relation,unknown_relation
265,95,,,Accurate_Lifecycle_Data,supports,Strategic_Planning,False,False,,,,,,,,entity_mismatch,known_relation_but_subject_and_object_not_allowed
266,95,,,Accurate_Lifecycle_Data,supports,Portfolio_Management,False,False,,,,,,,,entity_mismatch,known_relation_but_subject_and_object_not_allowed
267,95,,,Accurate_Lifecycle_Data,supports,Compliance,False,False,,,,,,,,entity_mismatch,known_relation_but_subject_and_object_not_allowed
268,95,,,Accurate_Lifecycle_Data,supports,Impact_Analysis,False,False,,,,,,,,entity_mismatch,known_relation_but_subject_and_object_not_allowed
269,95,,,Accurate_Lifecycle_Data,supports,Architecture_Governance,False,False,,,,,,,,entity_mismatch,known_relation_but_subject_and_object_not_allowed
270,98,,,IT_Product,developedBy,Agile_Release_Train,False,False,,,,,,,,unknown_relation,unknown_relation
271,104,,,IT_Component,hasResponsible,Person,False,False,,,,,,,,unknown_relation,unknown_relation
272,104,,,Person,accountableFor,Operation,False,False,,,,,,,,unknown_relation,unknown_relation
273,104,,,Person,accountableFor,Maintenance,False,False,,,,,,,,unknown_relation,unknown_relation
274,104,,,Person,accountableFor,Security,False,False,,,,,,,,unknown_relation,unknown_relation
275,104,,,Person,accountableFor,Compliance,False,False,,,,,,,,unknown_relation,unknown_relation
276,105,,,IT_Component,modeledUsing,IT_Component_Fact_Sheet,False,False,,,,,,,,unknown_relation,unknown_relation
277,105,,,IT_Component_Fact_Sheet,includesAttribute,Category,False,False,,,,,,,,unknown_relation,unknown_relation
278,105,,,IT_Component_Fact_Sheet,includesAttribute,Version,False,False,,,,,,,,unknown_relation,unknown_relation
279,105,,,IT_Component_Fact_Sheet,includesAttribute,Description,False,False,,,,,,,,unknown_relation,unknown_relation
280,105,,,IT_Component_Fact_Sheet,includesAttribute,Lifecycle,False,False,,,,,,,,unknown_relation,unknown_relation
281,105,,,IT_Component_Fact_Sheet,includesAttribute,Vendor_Assignment,False,False,,,,,,,,unknown_relation,unknown_relation
282,106,,,Hardware,isTypeOf,IT_Component,False,False,,,,,,,,unknown_relation,unknown_relation
283,106,,,IaaS,isTypeOf,IT_Component,False,False,,,,,,,,unknown_relation,unknown_relation
284,106,,,PaaS,isTypeOf,IT_Component,False,False,,,,,,,,unknown_relation,unknown_relation
285,106,,,SaaS,isTypeOf,IT_Component,False,False,,,,,,,,unknown_relation,unknown_relation
286,106,,,Service,isTypeOf,IT_Component,False,False,,,,,,,,unknown_relation,unknown_relation
287,106,,,Software,isTypeOf,IT_Component,False,False,,,,,,,,unknown_relation,unknown_relation
288,112,,,Component,linkedTo,Technical_Capability,False,False,,,,,,,,unknown_relation,unknown_relation
289,112,,,Component,supports,Technical_Capability,True,False,,,,,,,,relation_mismatch,known_relation_but_subject_and_object_not_allowed
290,112,,,Component,primaryImplementationOf,Technical_Capability,False,False,,,,,,,,unknown_relation,unknown_relation
291,115,,,IT_Component,linkedTo,IT_Product,False,False,,,,,,,,unknown_relation,unknown_relation
292,117,,,IT_Component,linkedTo,Initiative,False,False,,,,,,,,unknown_relation,unknown_relation
293,120,,,Component,hasCategory,Component_Type,False,False,,,,,,,,unknown_relation,unknown_relation
294,120,,,Component,linkedTo,IT_Product,False,False,,,,,,,,unknown_relation,unknown_relation
295,120,,,Component,linkedTo,Initiative,False,False,,,,,,,,unknown_relation,unknown_relation
296,120,,,Component,assignedLifecycle,Lifecycle,False,False,,,,,,,,unknown_relation,unknown_relation
297,120,,,Component,hasVersion,Version,False,False,,,,,,,,unknown_relation,unknown_relation
298,120,,,Component,subjectTo,Governance,False,False,,,,,,,,unknown_relation,unknown_relation
299,120,,,Component,hasCloudComponent,Cloud_Component,False,False,,,,,,,,unknown_relation,unknown_relation
300,120,,,Component,hasVersioning,Versioning,False,False,,,,,,,,unknown_relation,unknown_relation
301,121,,,Initiative,impacts,Business_Architecture_Element,False,False,,,,,,,,unknown_relation,unknown_relation
302,122,,,Organisation,responsibleFor,Technical_Architecture_Layer,False,False,,,,,,,,entity_mismatch,known_relation_but_subject_and_object_not_allowed
303,122,,,Organisation,consumes,Technical_Architecture_Layer,False,False,,,,,,,,entity_mismatch,known_relation_but_subject_and_object_not_allowed
304,122,,,IT_Product,uses,Technical_Architecture_Layer,False,False,,,,,,,,entity_mismatch,known_relation_but_object_not_allowed
305,122,,,IT_Product,requires,Technical_Architecture_Layer,False,False,,,,,,,,entity_mismatch,known_relation_but_object_not_allowed
306,123,,,Tech_Capability,realizes,IT_Component,True,False,,,,,,,,direction_mismatch,known_relation_but_subject_and_object_not_allowed
307,125,,,Initiative,interrelatesWith,Business_Structure,False,False,,,,,,,,unknown_relation,unknown_relation
308,125,,,Initiative,interrelatesWith,Technical_Component,False,False,,,,,,,,unknown_relation,unknown_relation
309,125,,,Initiative,supports,Traceability,False,False,,,,,,,,entity_mismatch,known_relation_but_object_not_allowed
310,125,,,Traceability,connects,Strategic_Initiative,False,False,,,,,,,,unknown_relation,unknown_relation
311,125,,,Traceability,connects,Technical_Implementation,False,False,,,,,,,,unknown_relation,unknown_relation
312,125,,,Initiative,supports,Impact_Analysis,False,False,,,,,,,,entity_mismatch,known_relation_but_object_not_allowed
313,125,,,Initiative,supports,Capability_Mapping,False,False,,,,,,,,entity_mismatch,known_relation_but_object_not_allowed
314,125,,,Initiative,supports,IT_Landscape_Planning,False,False,,,,,,,,entity_mismatch,known_relation_but_object_not_allowed
315,127,,,IT_Product,implements,Business_Capability,False,False,,,,,,,,unknown_relation,unknown_relation
316,127,,,IT_Component,implements,Technical_Capability,False,False,,,,,,,,unknown_relation,unknown_relation
317,129,,,IT_Product,bundles,Business_Function,False,False,,,,,,,,unknown_relation,unknown_relation
318,129,,,IT_Product,processes,Data,False,False,,,,,,,,unknown_relation,unknown_relation
319,129,,,IT_Product,includes,Custom_Developed_Element,False,False,,,,,,,,unknown_relation,unknown_relation
320,129,,,IT_Product,includes,Application_Code,False,False,,,,,,,,unknown_relation,unknown_relation
321,129,,,IT_Product,includes,Configuration_Data,False,False,,,,,,,,unknown_relation,unknown_relation
322,129,,,IT_Product,includes,Macro,False,False,,,,,,,,unknown_relation,unknown_relation
323,129,,,IT_Product,mayBe,Third_Party_Software_Product,False,False,,,,,,,,unknown_relation,unknown_relation
324,129,,,IT_Product,mayBe,SaaS,False,False,,,,,,,,unknown_relation,unknown_relation
325,129,,,IT_Product,mayBe,Cloud_Based,False,False,,,,,,,,unknown_relation,unknown_relation
326,129,,,IT_Product,mayBe,On_Premises,False,False,,,,,,,,unknown_relation,unknown_relation
327,129,,,IT_Product,mayInclude,Technical_Component,False,False,,,,,,,,unknown_relation,unknown_relation
328,129,,,Technical_Component,provides,Infrastructure,False,False,,,,,,,,entity_mismatch,known_relation_but_subject_and_object_not_allowed
329,129,,,Technical_Component,provides,Business_Platform,False,False,,,,,,,,entity_mismatch,known_relation_but_subject_and_object_not_allowed
330,130,,,IT_Component,supports,Technical_Capability,True,False,,,,,,,,relation_mismatch,known_relation_but_subject_and_object_not_allowed
331,130,,,IT_Product,includes,IT_Component,False,False,,,,,,,,unknown_relation,unknown_relation
332,131,,,IT_Product,modeledSeparatelyIf,Different_Business_or_Logical_Context,False,False,,,,,,,,unknown_relation,unknown_relation
333,131,,,IT_Product,modeledSeparatelyIf,Processes_Different_Data_Types,False,False,,,,,,,,unknown_relation,unknown_relation
334,131,,,IT_Product,modeledSeparatelyIf,Involves_Different_Organizational_Responsibilities,False,False,,,,,,,,unknown_relation,unknown_relation
335,131,,,IT_Product,modeledSeparatelyIf,Runs_On_Different_Infrastructure,False,False,,,,,,,,unknown_relation,unknown_relation
336,132,,,Business_Capability,realizes,IT_Product,True,False,,,,,,,,relation_mismatch,known_relation_but_object_not_allowed
337,132,,,Technical_Capability,realizes,IT_Component,True,False,,,,,,,,direction_mismatch,known_relation_but_subject_and_object_not_allowed
338,132,,,IT_Product,consists_of,Business_Function,False,False,,,,,,,,entity_mismatch,known_relation_but_subject_and_object_not_allowed
339,132,,,IT_Product,mayInclude,Custom_Software,False,False,,,,,,,,unknown_relation,unknown_relation
340,132,,,IT_Product,mayInclude,Third_Party_Software,False,False,,,,,,,,unknown_relation,unknown_relation
341,143,,,Application,parentOf,Application,False,False,,,,,,,,unknown_relation,unknown_relation
342,143,,,Platform,parentOf,IT_Component,False,False,,,,,,,,unknown_relation,unknown_relation
343,143,,,Organization_Unit,parentOf,Sub_Unit,False,False,,,,,,,,unknown_relation,unknown_relation
344,143,,,Portfolio,parentOf,Product,False,False,,,,,,,,unknown_relation,unknown_relation
345,143,,,Portfolio,parentOf,Application,False,False,,,,,,,,unknown_relation,unknown_relation
346,148,,,Application,provides,Functionality_via_User_Interface,False,False,,,,,,,,entity_mismatch,known_relation_but_subject_and_object_not_allowed
347,149,,,IT_Product,hasAttribute,Category,False,False,,,,,,,,unknown_relation,unknown_relation
348,149,,,IT_Product,hasAttribute,Naming,False,False,,,,,,,,unknown_relation,unknown_relation
349,149,,,IT_Product,hasAttribute,Versioning,False,False,,,,,,,,unknown_relation,unknown_relation
350,149,,,IT_Product,hasAttribute,Description,False,False,,,,,,,,unknown_relation,unknown_relation
351,149,,,IT_Product,hasAttribute,Interfaces,False,False,,,,,,,,unknown_relation,unknown_relation
352,149,,,IT_Product,hasAttribute,Business_Architecture,False,False,,,,,,,,unknown_relation,unknown_relation
353,149,,,IT_Product,hasAttribute,Technical_Architecture,False,False,,,,,,,,unknown_relation,unknown_relation
354,149,,,IT_Product,hasAttribute,Governance,False,False,,,,,,,,unknown_relation,unknown_relation
355,149,,,IT_Product,hasAttribute,Enterprise_Portfolio_Management,False,False,,,,,,,,unknown_relation,unknown_relation
356,149,,,IT_Product,assignedTo,Category,False,False,,,,,,,,unknown_relation,unknown_relation
357,149,,,Version,linkedBy,Successor_Predecessor,False,False,,,,,,,,unknown_relation,unknown_relation
358,152,,,Process,linkedTo,Business_Capability,False,False,,,,,,,,unknown_relation,unknown_relation
359,153,,,Technical_Architecture,includes,Software_Component,False,False,,,,,,,,unknown_relation,unknown_relation
360,153,,,Technical_Architecture,includes,Platform,False,False,,,,,,,,unknown_relation,unknown_relation
361,153,,,Technical_Architecture,includes,Hosting_Type,False,False,,,,,,,,unknown_relation,unknown_relation
362,153,,,Technical_Architecture,includes,Deployed_Software_Product,False,False,,,,,,,,unknown_relation,unknown_relation
363,153,,,Technical_Architecture,includes,OS_Platform,False,False,,,,,,,,unknown_relation,unknown_relation
364,153,,,Technical_Architecture,includes,Database,False,False,,,,,,,,unknown_relation,unknown_relation
365,153,,,Technical_Architecture,includes,DBMS_Platform,False,False,,,,,,,,unknown_relation,unknown_relation
366,153,,,Technical_Architecture,includes,Runtime_Environment,False,False,,,,,,,,unknown_relation,unknown_relation
367,153,,,Technical_Architecture,includes,Container_Platform,False,False,,,,,,,,unknown_relation,unknown_relation
368,153,,,Technical_Architecture,includes,Required_Service,False,False,,,,,,,,unknown_relation,unknown_relation
369,153,,,SaaS_Product,modeledAs,IT_Component,False,False,,,,,,,,unknown_relation,unknown_relation
370,153,,,IT_Component,linkedTo,Product,False,False,,,,,,,,unknown_relation,unknown_relation
371,155,,,IT_Product,includes,Governance_Information,False,False,,,,,,,,unknown_relation,unknown_relation
372,155,,,Governance_Information,includes,IT_Security,False,False,,,,,,,,unknown_relation,unknown_relation
373,155,,,Governance_Information,includes,GoBD,False,False,,,,,,,,unknown_relation,unknown_relation
374,155,,,Governance_Information,includes,Export_Control,False,False,,,,,,,,unknown_relation,unknown_relation
375,155,,,Governance_Information,includes,Document_Classification,False,False,,,,,,,,unknown_relation,unknown_relation
376,155,,,Governance_Information,includes,P51_Assignment,False,False,,,,,,,,unknown_relation,unknown_relation
377,155,,,Governance_Information,includes,Data_Protection,False,False,,,,,,,,unknown_relation,unknown_relation
378,158,,,IT_Product,hasType,Application,False,False,,,,,,,,unknown_relation,unknown_relation
379,158,,,IT_Product,hasType,Platform,False,False,,,,,,,,unknown_relation,unknown_relation
380,158,,,IT_Product,hasType,Group_App,False,False,,,,,,,,unknown_relation,unknown_relation
381,158,,,Digital_Solution,alignedWith,Business_Capability,False,False,,,,,,,,unknown_relation,unknown_relation
382,158,,,Digital_Solution,alignedWith,Business_Process,False,False,,,,,,,,unknown_relation,unknown_relation
383,158,,,Technical_Architecture,includes,Component,False,False,,,,,,,,unknown_relation,unknown_relation
384,158,,,Governance,includes,Compliance_Area,False,False,,,,,,,,unknown_relation,unknown_relation
385,161,,,IT_Product,affectedBy,Initiative,False,False,,,,,,,,unknown_relation,unknown_relation
386,161,,,IT_Product,supportedBy,Digital_Solution,True,False,,,,,,,,direction_mismatch,known_relation_but_object_not_allowed
387,161,,,Organization,responsibleFor,IT_Product,True,True,organization,responsible for,it product,1.0,1.0,1.0,1.0,,
388,161,,,IT_Product,providesOrConsumes,Interface,False,False,,,,,,,,unknown_relation,unknown_relation
389,161,,,IT_Product,requires,IT_Component,True,True,it product,requires,it component,1.0,1.0,1.0,1.0,,
390,161,,,IT_Product,supportedBy,Architecture_Decision_Record,False,False,,,,,,,,entity_mismatch,known_relation_but_object_not_allowed
391,162,,,IT_Product,alignedWith,Business_Goal,False,False,,,,,,,,unknown_relation,unknown_relation
392,162,,,IT_Product,requires,Technical_Component,False,False,,,,,,,,entity_mismatch,known_relation_but_object_not_allowed
393,162,,,IT_Product,requires,Platform,False,False,,,,,,,,entity_mismatch,known_relation_but_object_not_allowed
394,165,,,Interface,represents,Data_Exchange,False,False,,,,,,,,unknown_relation,unknown_relation
395,165,,,Interface,represents,Integration,False,False,,,,,,,,unknown_relation,unknown_relation
396,165,,,Interface,hasProperty,Data_Flow_Direction,False,False,,,,,,,,unknown_relation,unknown_relation
397,165,,,Interface,hasProperty,Data_Transfer_Type,False,False,,,,,,,,unknown_relation,unknown_relation
398,165,,,Interface,hasProperty,Exchange_Frequency,False,False,,,,,,,,unknown_relation,unknown_relation
399,165,,,Interface,involves,IT_Product,False,False,,,,,,,,unknown_relation,unknown_relation
400,166,,,Lifecycle_Management,appliesTo,Fact_Sheet_Type,False,False,,,,,,,,unknown_relation,unknown_relation
401,172,,,IT_Product,interactsWith,External_System,False,False,,,,,,,,unknown_relation,unknown_relation
402,172,,,Interface_Fact_Sheet,documents,Interaction,False,False,,,,,,,,unknown_relation,unknown_relation
403,172,,,Interface_Fact_Sheet,represents,Connection,False,False,,,,,,,,unknown_relation,unknown_relation
404,172,,,IT_Product,consumes,Interface,True,False,,,,,,,,relation_mismatch,known_relation_but_object_not_allowed
405,173,,,IT_Product,consumes,External_Interface,False,False,,,,,,,,entity_mismatch,known_relation_but_object_not_allowed
406,174,,,Logical_Interface,modeledBetween,Provider_IT_Product,False,False,,,,,,,,unknown_relation,unknown_relation
407,174,,,Logical_Interface,modeledBetween,Consumer_IT_Product,False,False,,,,,,,,unknown_relation,unknown_relation
408,174,,,Technical_Implementation,realizedBy,Platform_IT_Product,False,False,,,,,,,,unknown_relation,unknown_relation
409,174,,,Platform_IT_Product,includes,Middleware_Platform,False,False,,,,,,,,unknown_relation,unknown_relation
410,174,,,Platform_IT_Product,includes,API_Gateway,False,False,,,,,,,,unknown_relation,unknown_relation
411,174,,,Platform_IT_Product,includes,Integration_Service,False,False,,,,,,,,unknown_relation,unknown_relation
412,174,,,Technical_Implementation,distinguishes,Business_Logic,False,False,,,,,,,,unknown_relation,unknown_relation
413,174,,,Technical_Implementation,distinguishes,Technical_Infrastructure,False,False,,,,,,,,unknown_relation,unknown_relation
414,175,,,Interface_Fact_Sheet,models,Data_Exchange,False,False,,,,,,,,unknown_relation,unknown_relation
415,175,,,Data_Exchange,occursBetween,IT_Product,False,False,,,,,,,,unknown_relation,unknown_relation
416,175,,,Interface_Fact_Sheet,focusesOn,Data_Flow,False,False,,,,,,,,unknown_relation,unknown_relation
417,175,,,Interface_Fact_Sheet,focusesOn,Transfer_Type,False,False,,,,,,,,unknown_relation,unknown_relation
418,175,,,Interface_Fact_Sheet,focusesOn,Frequency,False,False,,,,,,,,unknown_relation,unknown_relation
419,175,,,Interface_Fact_Sheet,focusesOn,IT_Component,False,False,,,,,,,,unknown_relation,unknown_relation
420,175,,,Interface_Fact_Sheet,ownedBy,IT_Product,False,False,,,,,,,,entity_mismatch,known_relation_but_subject_and_object_not_allowed
421,175,,,Interface_Fact_Sheet,createdBy,Consuming_IT_Product,False,False,,,,,,,,unknown_relation,unknown_relation
422,175,,,Interface_Fact_Sheet,createdBy,Providing_IT_Product,False,False,,,,,,,,unknown_relation,unknown_relation
423,175,,,Interface_Fact_Sheet,versionedBy,Type_or_Content_Change,False,False,,,,,,,,unknown_relation,unknown_relation
424,175,,,External_System,notModeledAs,IT_Product,False,False,,,,,,,,unknown_relation,unknown_relation
425,175,,,Interface_Fact_Sheet,usedFor,External_System,False,False,,,,,,,,unknown_relation,unknown_relation
426,175,,,Interface_Fact_Sheet,represents,Logical_Interface,False,False,,,,,,,,unknown_relation,unknown_relation
427,175,,,Technical_IT_Product,implements,Interface_Fact_Sheet,False,False,,,,,,,,unknown_relation,unknown_relation
428,175,,,Logical_Interface,realizedBy,Technical_IT_Product,False,False,,,,,,,,unknown_relation,unknown_relation
429,175,,,Interface_Fact_Sheet,inheritsResponsibilityFrom,Providing_IT_Product,False,False,,,,,,,,unknown_relation,unknown_relation
430,177,,,Initiative,dependsOn,Interface,False,False,,,,,,,,unknown_relation,unknown_relation
431,178,,,IT_Product_or_Platform,requires,Interface,False,False,,,,,,,,entity_mismatch,known_relation_but_subject_and_object_not_allowed
432,178,,,IT_Product_or_Platform,supports,Business_Capability_Modeling,False,False,,,,,,,,entity_mismatch,known_relation_but_subject_and_object_not_allowed
433,179,,,IT_Product,delivers,Business_Capability,False,False,,,,,,,,unknown_relation,unknown_relation
434,180,,,Interface,connects,Strategic_Initiative,False,False,,,,,,,,unknown_relation,unknown_relation
435,180,,,Interface,connects,Operational_System,False,False,,,,,,,,unknown_relation,unknown_relation
436,180,,,IT_Product,provides,Interface,True,True,it product,provides,interface,1.0,1.0,1.0,1.0,,
437,189,,,Objective,connectedTo,Organization,False,False,,,,,,,,unknown_relation,unknown_relation
438,189,,,Initiative,connectedTo,Organization,False,False,,,,,,,,unknown_relation,unknown_relation
439,190,,,Business_Capability,isElementOf,Business_Architecture,False,False,,,,,,,,unknown_relation,unknown_relation
440,190,,,IT_Product,isElementOf,Business_Architecture,False,False,,,,,,,,unknown_relation,unknown_relation
441,190,,,Process,isElementOf,Business_Architecture,False,False,,,,,,,,unknown_relation,unknown_relation
442,190,,,Interface,isElementOf,Business_Architecture,False,False,,,,,,,,unknown_relation,unknown_relation
443,190,,,Digital_Solution,isElementOf,Business_Architecture,False,False,,,,,,,,unknown_relation,unknown_relation
444,190,,,Business_Capability,connectedTo,Organization,False,False,,,,,,,,unknown_relation,unknown_relation
445,190,,,IT_Product,connectedTo,Organization,False,False,,,,,,,,unknown_relation,unknown_relation
446,190,,,Process,connectedTo,Organization,False,False,,,,,,,,unknown_relation,unknown_relation
447,190,,,Interface,connectedTo,Organization,False,False,,,,,,,,unknown_relation,unknown_relation
448,190,,,Digital_Solution,connectedTo,Organization,False,False,,,,,,,,unknown_relation,unknown_relation
449,191,,,IT_Component,connectedTo,Organization,False,False,,,,,,,,unknown_relation,unknown_relation
450,191,,,Tech_Capability,connectedTo,Organization,False,False,,,,,,,,unknown_relation,unknown_relation
451,191,,,ADR,connectedTo,Organization,False,False,,,,,,,,unknown_relation,unknown_relation
452,196,,,Portfolio,parentOf,Product_Application,False,False,,,,,,,,unknown_relation,unknown_relation
453,207,,,Vendor,provides,IT_Component,True,False,,,,,,,,direction_mismatch,known_relation_but_object_not_allowed
454,208,,,TISAX,isStandardFor,Information_Security,False,False,,,,,,,,unknown_relation,unknown_relation
455,208,,,TISAX,appliesTo,Automotive_Industry,False,False,,,,,,,,unknown_relation,unknown_relation
456,209,,,Vendor,hasAttribute,Name,False,False,,,,,,,,unknown_relation,unknown_relation
457,209,,,Vendor,hasAttribute,Alias,False,False,,,,,,,,unknown_relation,unknown_relation
458,209,,,Vendor,hasAttribute,Description,False,False,,,,,,,,unknown_relation,unknown_relation
459,209,,,Vendor,relatedBy,Parent_Child_Relationship,False,False,,,,,,,,unknown_relation,unknown_relation
460,209,,,Vendor,relatedBy,Successor_Predecessor_Relationship,False,False,,,,,,,,unknown_relation,unknown_relation
461,209,,,Successor_Predecessor_Relationship,indicates,Legal_Succession,False,False,,,,,,,,unknown_relation,unknown_relation
462,209,,,Successor_Predecessor_Relationship,hasAttribute,Active_From,False,False,,,,,,,,unknown_relation,unknown_relation
463,209,,,Successor_Predecessor_Relationship,hasAttribute,Description,False,False,,,,,,,,unknown_relation,unknown_relation
464,209,,,Vendor,linkedTo,IT_Component,False,False,,,,,,,,unknown_relation,unknown_relation
465,209,,,Vendor,hasCertification,Information_Security_Standard,False,False,,,,,,,,unknown_relation,unknown_relation
466,211,,,Organizational_Responsibility,includes,Functional_Responsibility,False,False,,,,,,,,unknown_relation,unknown_relation
467,211,,,Organizational_Responsibility,includes,Technical_Responsibility,False,False,,,,,,,,unknown_relation,unknown_relation
468,216,,,Digital_Solution,includes,IT_Product,False,False,,,,,,,,unknown_relation,unknown_relation
469,216,,,IT_Product,delivers,Business_Functionality,False,False,,,,,,,,unknown_relation,unknown_relation
470,216,,,IT_Product,developedBy,Agile_Team,False,False,,,,,,,,unknown_relation,unknown_relation
471,216,,,Digital_Solution,assignedTo,Agile_Release_Train,False,False,,,,,,,,unknown_relation,unknown_relation
472,216,,,Digital_Solution,linkedTo,Organizational_Unit,False,False,,,,,,,,unknown_relation,unknown_relation
473,216,,,Digital_Solution,linkedTo,Initiative,False,False,,,,,,,,unknown_relation,unknown_relation
474,216,,,Digital_Solution,linkedTo,Business_Capability,False,False,,,,,,,,unknown_relation,unknown_relation
475,216,,,Digital_Solution,linkedTo,Processual_Unit,False,False,,,,,,,,unknown_relation,unknown_relation
476,217,,,Digital_Solution,assignedTo,IT_Product,False,False,,,,,,,,unknown_relation,unknown_relation
477,217,,,Digital_Solution,alignedWith,Value_Stream,False,False,,,,,,,,unknown_relation,unknown_relation
478,217,,,Digital_Solution,supports,Architectural_Governance,False,False,,,,,,,,entity_mismatch,known_relation_but_object_not_allowed
479,217,,,Digital_Solution,supports,Portfolio_Transparency,False,False,,,,,,,,entity_mismatch,known_relation_but_object_not_allowed
480,217,,,Digital_Solution,enables,Business_Enabling_Technology,False,False,,,,,,,,unknown_relation,unknown_relation
481,219,,,Digital_Solution,affectedBy,Initiative,False,False,,,,,,,,unknown_relation,unknown_relation
482,219,,,Digital_Solution,affectedBy,Business_Capability,False,False,,,,,,,,unknown_relation,unknown_relation
483,219,,,Organization,responsible_for,Digital_Solution,True,True,organization,responsible for,digital solution,1.0,1.0,1.0,1.0,,
484,219,,,Organization,consumes,Digital_Solution,True,True,organization,consumes,digital solution,1.0,1.0,1.0,1.0,,
485,220,,,Initiative,drives,Digital_Solution,False,False,,,,,,,,unknown_relation,unknown_relation
486,220,,,Digital_Solution,impacts,Business_Capability,False,False,,,,,,,,unknown_relation,unknown_relation
487,220,,,Digital_Solution,consumedBy,Organization,False,False,,,,,,,,unknown_relation,unknown_relation
488,224,,,Lifecycle_Data,supports,Regulatory_Compliance,False,False,,,,,,,,entity_mismatch,known_relation_but_subject_and_object_not_allowed
489,224,,,Lifecycle_Data,supports,Audit_Requirements,False,False,,,,,,,,entity_mismatch,known_relation_but_subject_and_object_not_allowed
490,240,,,Initiative,implements,Objective,False,False,,,,,,,,unknown_relation,unknown_relation
491,240,,,Initiative,enables,Traceability,False,False,,,,,,,,unknown_relation,unknown_relation
492,240,,,Initiative,servesAs,Operational_Layer_of_Enterprise_Transformation,False,False,,,,,,,,unknown_relation,unknown_relation
493,241,,,Initiative,alignedWith,Objective,False,False,,,,,,,,unknown_relation,unknown_relation
494,241,,,Initiative,traceableTo,Objective,False,False,,,,,,,,unknown_relation,unknown_relation
495,242,,,System,assignedAt,Initiative,False,False,,,,,,,,unknown_relation,unknown_relation
496,243,,,Interface,identifies,Point_of_Impact,False,False,,,,,,,,unknown_relation,unknown_relation
497,243,,,IT_Product,linkedTo,Business_Capability,False,False,,,,,,,,unknown_relation,unknown_relation
498,243,,,IT_Product,linkedTo,Process,False,False,,,,,,,,unknown_relation,unknown_relation
499,243,,,Indirect_Impact,inferredVia,Linked_IT_Product,False,False,,,,,,,,unknown_relation,unknown_relation
500,245,,,Initiative,implements,Strategic_Goal,False,False,,,,,,,,unknown_relation,unknown_relation
501,245,,,Initiative,implements,Operational_Goal,False,False,,,,,,,,unknown_relation,unknown_relation
502,245,,,Initiative,linkedTo,Objective,False,False,,,,,,,,unknown_relation,unknown_relation
503,245,,,Initiative,assignedTo,IT_Product,False,False,,,,,,,,unknown_relation,unknown_relation
504,245,,,Initiative,impacts,Business_Capability,False,False,,,,,,,,unknown_relation,unknown_relation
505,245,,,Initiative,impacts,IT_Component,False,False,,,,,,,,unknown_relation,unknown_relation
506,245,,,Initiative,impacts,Process,False,False,,,,,,,,unknown_relation,unknown_relation
507,246,,,Objective,supports,Initiative,True,True,objective,supports,initiative,1.0,1.0,1.0,1.0,,
508,246,,,Objective,affects,Architecture_Component,False,False,,,,,,,,entity_mismatch,known_relation_but_subject_and_object_not_allowed
509,246,,,Initiative,affects,Architecture_Component,False,False,,,,,,,,entity_mismatch,known_relation_but_object_not_allowed
510,246,,,Objective,linkedTo,Organizational_Unit,False,False,,,,,,,,unknown_relation,unknown_relation
511,247,,,Objective,affects,Initiative,True,False,,,,,,,,relation_mismatch,known_relation_but_subject_and_object_not_allowed
512,247,,,Objective,affects,Business_Capability,True,False,,,,,,,,relation_mismatch,known_relation_but_subject_not_allowed
513,247,,,Objective,affects,IT_Product,True,False,,,,,,,,relation_mismatch,known_relation_but_subject_not_allowed
514,247,,,Objective,affects,Digital_Solution,True,False,,,,,,,,relation_mismatch,known_relation_but_subject_not_allowed
515,247,,,Objective,affects,Process,True,False,,,,,,,,relation_mismatch,known_relation_but_subject_not_allowed
516,247,,,Objective,affects,Interface,True,False,,,,,,,,entity_mismatch,known_relation_but_subject_not_allowed
517,247,,,Objective,affects,IT_Component,True,False,,,,,,,,relation_mismatch,known_relation_but_subject_not_allowed
518,247,,,Objective,affects,Tech_Capability,True,False,,,,,,,,entity_mismatch,known_relation_but_subject_not_allowed
519,247,,,Objective,affects,Architecture_Decision_Record,False,False,,,,,,,,entity_mismatch,known_relation_but_subject_and_object_not_allowed
520,247,,,Initiative,affects,IT_Product,True,True,initiative,affects,it product,1.0,1.0,1.0,1.0,,
521,247,,,Initiative,affects,Digital_Solution,True,True,initiative,affects,digital solution,1.0,1.0,1.0,1.0,,
522,247,,,Initiative,affects,Process,True,True,initiative,affects,process,1.0,1.0,1.0,1.0,,
523,247,,,Initiative,affects,Interface,True,True,initiative,affects,interface,1.0,1.0,1.0,1.0,,
524,247,,,Initiative,affects,Tech_Capability,True,True,initiative,affects,tech capability,1.0,1.0,1.0,1.0,,
525,247,,,Initiative,affects,Architecture_Decision_Record,False,False,,,,,,,,entity_mismatch,known_relation_but_object_not_allowed
526,247,,,Objective,owned_by,Organizational_Unit,False,False,,,,,,,,entity_mismatch,known_relation_but_object_not_allowed
527,247,,,IT_Component,interdependent_with,Tech_Capability,False,False,,,,,,,,unknown_relation,unknown_relation
528,247,,,IT_Component,interdependent_with,Architecture_Decision_Record,False,False,,,,,,,,unknown_relation,unknown_relation
529,247,,,Tech_Capability,interdependent_with,Architecture_Decision_Record,False,False,,,,,,,,unknown_relation,unknown_relation
530,266,,,Objective_Fact_Sheet,defines,Strategic_Goal,False,False,,,,,,,,entity_mismatch,known_relation_but_subject_and_object_not_allowed
531,266,,,Objective_Fact_Sheet,aligns,Business_Strategy,False,False,,,,,,,,unknown_relation,unknown_relation
532,266,,,Objective_Fact_Sheet,aligns,IT_Strategy,False,False,,,,,,,,unknown_relation,unknown_relation
533,266,,,Objective,assignedTo,Strategic_Level,False,False,,,,,,,,unknown_relation,unknown_relation
534,266,,,Strategic_Level,includes,Enterprise_Level,False,False,,,,,,,,unknown_relation,unknown_relation
535,266,,,Strategic_Level,includes,Portfolio_Level,False,False,,,,,,,,unknown_relation,unknown_relation
536,266,,,Strategic_Level,includes,ART_Team_Level,False,False,,,,,,,,unknown_relation,unknown_relation
537,268,,,Impact,alignedWith,Capability_Model,False,False,,,,,,,,unknown_relation,unknown_relation
538,270,,,Objective,defines,Strategic_Intent,False,False,,,,,,,,entity_mismatch,known_relation_but_subject_and_object_not_allowed
539,270,,,Objective,associatedWith,Strategic_Level,False,False,,,,,,,,unknown_relation,unknown_relation
540,270,,,Objective,ownedBy,Organizational_Unit,False,False,,,,,,,,entity_mismatch,known_relation_but_object_not_allowed
541,270,,,Objective,impacts,Business_Capability,False,False,,,,,,,,unknown_relation,unknown_relation
542,270,,,Objective,linkedTo,Initiative,False,False,,,,,,,,unknown_relation,unknown_relation
543,270,,,Objective,advisedBy,Architect_Role,False,False,,,,,,,,unknown_relation,unknown_relation
544,271,,,Initiative,supports,Objective,True,True,initiative,supports,objective,1.0,1.0,1.0,1.0,,
545,271,,,Objective,improves,Business_Capability,True,True,objective,improves,business capability,1.0,1.0,1.0,1.0,,
546,271,,,Organization,owns,Objective,False,False,,,,,,,,unknown_relation,unknown_relation
547,273,,,Objective,represents,Strategic_Goal,False,False,,,,,,,,unknown_relation,unknown_relation
548,273,,,Objective,requires,Transformation,False,False,,,,,,,,entity_mismatch,known_relation_but_object_not_allowed
549,273,,,Objective,anchors,Planning,False,False,,,,,,,,unknown_relation,unknown_relation
550,273,,,Objective,anchors,Tracking,False,False,,,,,,,,unknown_relation,unknown_relation
551,273,,,Objective,aligns,Enterprise_Initiative,False,False,,,,,,,,unknown_relation,unknown_relation
552,273,,,Enterprise_Initiative,alignedWith,Business_Strategy,False,False,,,,,,,,unknown_relation,unknown_relation
553,273,,,Objective,provides,Structure,False,False,,,,,,,,entity_mismatch,known_relation_but_subject_and_object_not_allowed
554,273,,,Objective,provides,Traceability,False,False,,,,,,,,entity_mismatch,known_relation_but_subject_and_object_not_allowed
555,273,,,Transformation_Program,structuredBy,Objective,False,False,,,,,,,,unknown_relation,unknown_relation
556,273,,,Transformation_Program,communicatedAcross,Business_Stakeholder,False,False,,,,,,,,unknown_relation,unknown_relation
557,273,,,Transformation_Program,communicatedAcross,IT_Stakeholder,False,False,,,,,,,,unknown_relation,unknown_relation
558,276,,,Objective,realizes,Transformation,False,False,,,,,,,,entity_mismatch,known_relation_but_subject_and_object_not_allowed
559,276,,,Objective,linkedTo,Business_Capability,False,False,,,,,,,,unknown_relation,unknown_relation
560,276,,,Capability,linkedTo,Objective,False,False,,,,,,,,unknown_relation,unknown_relation
561,279,,,Organization,owns,Application,False,False,,,,,,,,unknown_relation,unknown_relation
562,279,,,Organization,owns,Business_Object,False,False,,,,,,,,unknown_relation,unknown_relation
563,279,,,Organization,modeledWithin,Hierarchical_Structure,False,False,,,,,,,,unknown_relation,unknown_relation
564,279,,,Process_Organization,dividedInto,Portfolio,False,False,,,,,,,,unknown_relation,unknown_relation
565,279,,,Process_Organization,dividedInto,Agile_Release_Train,False,False,,,,,,,,unknown_relation,unknown_relation
566,280,,,Organizational_Unit,responsibleFor,Object,False,False,,,,,,,,entity_mismatch,known_relation_but_subject_and_object_not_allowed
567,281,,,Organization,owns,Business_Relevant_Object,False,False,,,,,,,,unknown_relation,unknown_relation
568,281,,,Organization,represents,User,False,False,,,,,,,,unknown_relation,unknown_relation
569,281,,,Organization,represents,Owner,False,False,,,,,,,,unknown_relation,unknown_relation
570,284,,,Business_Process,partOf,Business_Process,False,False,,,,,,,,unknown_relation,unknown_relation
571,284,,,Business_Process,consists_of,Subprocess,False,False,,,,,,,,entity_mismatch,known_relation_but_subject_and_object_not_allowed
572,285,,,Business_Process_Modeling,isElementOf,Business_Architecture,False,False,,,,,,,,unknown_relation,unknown_relation
573,285,,,Business_Process_Modeling,identifies,Strategically_Critical_Process,False,False,,,,,,,,unknown_relation,unknown_relation
574,285,,,Business_Process_Modeling,identifies,Operationally_Critical_Process,False,False,,,,,,,,unknown_relation,unknown_relation
575,285,,,Business_Process_Modeling,supports,Prioritization,False,False,,,,,,,,entity_mismatch,known_relation_but_subject_and_object_not_allowed
576,285,,,Business_Process_Modeling,supports,Investment_Decision,False,False,,,,,,,,entity_mismatch,known_relation_but_subject_and_object_not_allowed
577,286,,,Business_Process_Model,enablesTraceabilityBetween,Process,False,False,,,,,,,,unknown_relation,unknown_relation
578,286,,,Business_Process_Model,enablesTraceabilityBetween,Application,False,False,,,,,,,,unknown_relation,unknown_relation
579,286,,,Business_Operation,dependsOn,IT_System,False,False,,,,,,,,unknown_relation,unknown_relation
580,286,,,Application,affects,Business_Process,False,False,,,,,,,,entity_mismatch,known_relation_but_subject_and_object_not_allowed
581,287,,,Process,assignedTo,Application,False,False,,,,,,,,unknown_relation,unknown_relation
582,287,,,Application,supports,Process,True,False,,,,,,,,relation_mismatch,known_relation_but_subject_not_allowed
583,287,,,Application_Portfolio,includes,Application,False,False,,,,,,,,unknown_relation,unknown_relation
584,288,,,Business_Process,consists_of,Logically_Linked_Activities,False,False,,,,,,,,entity_mismatch,known_relation_but_subject_and_object_not_allowed
585,288,,,Process,partOf,Business_Architecture,False,False,,,,,,,,unknown_relation,unknown_relation
586,288,,,Process,realizedBy,Application,False,False,,,,,,,,unknown_relation,unknown_relation
587,288,,,Process,supports,Enterprise_Architecture_Planning,False,False,,,,,,,,entity_mismatch,known_relation_but_subject_and_object_not_allowed
588,288,,,Process,supports,IT_Planning,False,False,,,,,,,,entity_mismatch,known_relation_but_subject_and_object_not_allowed
589,289,,,Process_Architecture,providesInputFor,Enterprise_Architect,False,False,,,,,,,,unknown_relation,unknown_relation
590,289,,,Process_Architecture,providesInputFor,IT_Management,False,False,,,,,,,,unknown_relation,unknown_relation
591,289,,,Process_Architecture,providesInputFor,Process_Manager,False,False,,,,,,,,unknown_relation,unknown_relation
592,292,,,Technical_Capability,classifies,IT_Component,True,False,,,,,,,,threshold_not_met,known_relation_but_subject_and_object_not_allowed
593,292,,,Technical_Capability,represents,Core_Function,False,False,,,,,,,,unknown_relation,unknown_relation
594,292,,,Technical_Capability,isStableOverTime,True,False,False,,,,,,,,unknown_relation,unknown_relation
595,292,,,Technical_Capability,isIndustryAgnostic,True,False,False,,,,,,,,unknown_relation,unknown_relation
596,293,,,Capability_Model,usedBy,Product_Team,False,False,,,,,,,,unknown_relation,unknown_relation
597,293,,,Capability_Model,usedBy,Domain_Architect,False,False,,,,,,,,unknown_relation,unknown_relation
598,293,,,Capability_Model,usedBy,Enterprise_Architect,False,False,,,,,,,,unknown_relation,unknown_relation
599,293,,,Capability_Model,provides,Transparency,False,False,,,,,,,,entity_mismatch,known_relation_but_subject_and_object_not_allowed
600,293,,,Capability_Model,identifies,Redundancy,False,False,,,,,,,,unknown_relation,unknown_relation
601,293,,,Capability_Model,identifies,Capability_Gap,False,False,,,,,,,,unknown_relation,unknown_relation
602,293,,,Capability_Model,supports,IT_Portfolio_Optimization,False,False,,,,,,,,entity_mismatch,known_relation_but_subject_and_object_not_allowed
603,293,,,Technology,supports,Business_Needs,False,False,,,,,,,,entity_mismatch,known_relation_but_subject_and_object_not_allowed
604,293,,,IT,alignedWith,Business_Strategy,False,False,,,,,,,,unknown_relation,unknown_relation
605,294,,,Technical_Capability,definedBy,Purpose,False,False,,,,,,,,unknown_relation,unknown_relation
606,297,,,Vendor,supplies,IT_Component,False,False,,,,,,,,unknown_relation,unknown_relation
607,297,,,Vendor,isTypeOf,External_Organization,False,False,,,,,,,,unknown_relation,unknown_relation
608,300,,,Vendor,isExternalOrganization,true,False,False,,,,,,,,unknown_relation,unknown_relation
609,300,,,Vendor,supports,Sourcing_Strategy,False,False,,,,,,,,entity_mismatch,known_relation_but_subject_and_object_not_allowed
610,300,,,Vendor,supports,Risk_Management,True,False,,,,,,,,threshold_not_met,known_relation_but_subject_and_object_not_allowed
611,300,,,Vendor,supports,Compliance,True,False,,,,,,,,threshold_not_met,known_relation_but_subject_and_object_not_allowed
