sample_id,doc_id,chunk_id,section_title,source_text_snippet,subject,predicate,object,reason_for_novelty,legacy_reason,human_label
301|Digital_Solution|consumed_by|Organization,,,,"SECTION_TITLE: Structural Overview
CONTENT:
The diagram is divided into two main sections, each enclosed in a yellow frame: Upper Section • Contains a pink rectangle labeled ""Initiative"" • Connected via a labeled line ""affected"" to the Digital Solution in the lower section Lower Section • Central element: Green rectangle labeled ""Digital Solution"" • Connected to three pink rectangles: o ""IT Product"" (connected via ""consists of"") o ""Business Capability"" (connected via ""affected"") o ""Organization""",Digital_Solution,consumed_by,Organization,unknown_relation,unknown_relation,
37|Container_Platform|hosts|Containerized_Applications,,,,"SECTION_TITLE: Purpose and benefits
CONTENT:
[
{""category"": ""Database"", ""example"": ""Microsoft SQL Server"", ""type"": ""Commercial (COTS)"", ""description"": ""Arelational database platform used to store and manage structured data.""},
{""category"": ""Middleware"", ""example"": ""Apache Kafka"", ""type"": ""Open Source / In-house"", ""description"": ""Adistributed streaming platform for real-time data pipelines and messaging.""},
{""category"": ""Operating System"", ""example"": ""Red Hat Enterprise Linux"", ""type"": ""Commercia",Container_Platform,hosts,Containerized_Applications,unknown_relation,unknown_relation,
7|Business_Capability|alignedWith|Strategy,,,,"SECTION_TITLE: Structure Summary
CONTENT:
[
{""section"": ""Application Classification"", ""key_concept"": ""Capability ↔ System Type"", ""description"": ""Distinguishes business application vs. technical component""},
{""section"": ""Conceptual Separation"", ""key_concept"": ""Capability ≠ Process"", ""description"": ""\""What\"" vs. \""How\"" distinction""},
{""section"": ""Analytical Use"", ""key_concept"": ""Capability → IT Landscape"", ""description"": ""Identifies gaps, overlaps, and optimization potential""},
{""section"": ""Lifec",Business_Capability,alignedWith,Strategy,unknown_relation,unknown_relation,
383|Process_Organization|partOf|Organization,,,,"SECTION_TITLE: Definition: Organization
CONTENT:
Organizations represent the users/owners of Applications or other business objetcts that can be modeled within different dimensions to create hierarchical structures. In Porsche AG's LeanIX, we distinguish between the elements of the structural organization and the elements of the process organization according to SAFe. The elements of the organizational structure represent the organizational structure of Porsche AG and its subsidiaries. The proce",Process_Organization,partOf,Organization,unknown_relation,unknown_relation,
75|Organizational_Responsibility|definedAt|Process_Organization_Level,,,,"SECTION_TITLE: Organizational Responsibilities
CONTENT:
Each Fact Sheet in LeanIX must include an assignment of organizational responsibility. This responsibility can be defined at two levels: • Organizational Structure Level (e.g., departments, business units) • Process Organization Level (e.g., Agile Release Trains, portfolios) For certain Fact Sheet types, a distinction may also be made between functional (business) responsibility and technical (IT) responsibility. At least one form of respon",Organizational_Responsibility,definedAt,Process_Organization_Level,unknown_relation,unknown_relation,
63|Interface|linkedTo|Application,,,,"SECTION_TITLE: Structure Summary: Interface Modeling in
CONTENT:
[
{""section"": ""Context"", ""element"": ""Domain"", ""description"": ""Enterprise Architecture, SAFe, LeanIX""},
{""section"": ""Context"", ""element"": ""Purpose"", ""description"": ""Visualize how interfaces connect applications and link application and data architecture""},
{""section"": ""Core Concept"", ""element"": ""Interface"", ""description"": ""Logical connection between two applications for data exchange""},
{""section"": ""Core Concept"", ""element"": ""Applic",Interface,linkedTo,Application,unknown_relation,unknown_relation,
61|Interface|linkedTo|IT_Product,,,,"SECTION_TITLE: Definition: Interface
CONTENT:
In the context of enterprise architecture, an Interface represents a logical connection between two IT Products. It models the way in which data is exchanged between these IT Products, including the direction, frequency, and type of information being transferred.",Interface,linkedTo,IT_Product,unknown_relation,unknown_relation,
41|IT_Component|partOf|Technical_Architecture,,,,"SECTION_TITLE: Purpose and benefits
CONTENT:
Structure Summary Examples of IT Components To support a clear and practical understanding of the concept of IT components, this section provides categorized examples that reflect real-world technologies commonly used in enterprise IT landscapes. These examples illustrate how IT components—whether commercial, open source, or developed in-house—serve as foundational building blocks within the technical architecture of IT products. Each example is mappe",IT_Component,partOf,Technical_Architecture,unknown_relation,unknown_relation,
37|Security_Component|manages|Identity_and_Access,,,,"SECTION_TITLE: Purpose and benefits
CONTENT:
[
{""category"": ""Database"", ""example"": ""Microsoft SQL Server"", ""type"": ""Commercial (COTS)"", ""description"": ""Arelational database platform used to store and manage structured data.""},
{""category"": ""Middleware"", ""example"": ""Apache Kafka"", ""type"": ""Open Source / In-house"", ""description"": ""Adistributed streaming platform for real-time data pipelines and messaging.""},
{""category"": ""Operating System"", ""example"": ""Red Hat Enterprise Linux"", ""type"": ""Commercia",Security_Component,manages,Identity_and_Access,unknown_relation,unknown_relation,
303|Enterprise_Architecture|facilitatesAlignmentBetween|Delivery_Structure,,,,"SECTION_TITLE: Modeling Intent
CONTENT:
This metamodel provides a structured view of how digital solutions are defined and contextualized within enterprise architecture. It supports traceability from strategic initiatives to technical implementation and organizational responsibility, facilitating alignment between SAFe delivery structures and TOGAF® architectural principles.",Enterprise_Architecture,facilitatesAlignmentBetween,Delivery_Structure,unknown_relation,unknown_relation,
258|Interface|connectedTo|Organization,,,,"SECTION_TITLE: 2. TOGAF® B – Business Architecture (Middle Section)
CONTENT:
• Elements: o Business Capability (pink box) o IT Product (pink box) o Process (pink box) o Interface (pink box) o Digital Solution (pink box) • Relationship to Organization: o All elements are connected to Organization via arrows labeled ""responsible / affected"".",Interface,connectedTo,Organization,unknown_relation,unknown_relation,
14|Technical_Delivery|aligns|Business_Strategy,,,,"SECTION_TITLE: Purpose and Benefits
CONTENT:
• A Digital Solution delivers end-to-end value to internal or external customers.
• Customers do not purchase isolated features or capabilities—they seek complete solutions that fulfill their desired outcomes.
• Digital Solutions enable organizations to align technical delivery with business strategy and customer needs.",Technical_Delivery,aligns,Business_Strategy,unknown_relation,unknown_relation,
295|Digital_Solution|linkedTo|Organizational_Unit,,,,"SECTION_TITLE: Modeling Guidelines
CONTENT:
These IT Products represent the technical building blocks that deliver business functionality and are developed and maintained by agile teams within the ART. To complete the modeling of a Digital Solution, the responsible ART must be explicitly assigned. Optionally, a unit from the organizational structure (e.g., a department or business unit) can also be linked to the solution. Additionally, it is possible—but not mandatory—to link the Digital Solutio",Digital_Solution,linkedTo,Organizational_Unit,unknown_relation,unknown_relation,
230|IT_Product|interactsWith|External_System,,,,"SECTION_TITLE: Interfaces to External Systems
CONTENT:
In enterprise architecture, it is common for IT Products to interact with external systems— for example, to exchange data with banks, government agencies, or third-party services. These systems are considered external if they: • Are not part of the Porsche network (including ToGe networks), • Are not operated by PAG, a subsidiary, or a group brand, • Are not part of the internal Porsche IT landscape. Important: External systems must not be m",IT_Product,interactsWith,External_System,unknown_relation,unknown_relation,
10|Digital_Solution|integrates|IT_Product,,,,"SECTION_TITLE: Definition: Digital Solution
CONTENT:
In alignment with the Scaled Agile Framework (SAFe) and extended by Porsche-specific terminology, a Digital Solution is defined as follows: A Digital Solution is a cohesive construct that delivers business value by integrating multiple IT Products. These IT Products are modular, technically and logically bounded units that implement specific business functionalities. Together, they form the technical foundation of a Digital Solution. In additi",Digital_Solution,integrates,IT_Product,unknown_relation,unknown_relation,
398|Capability_Model|identifies|Redundancy,,,,"SECTION_TITLE: Purpose and Benefits
CONTENT:
• Increase transparency across the technology stack • Identify redundancies in the IT landscape • Detect whitespots (missing or underrepresented capabilities) Use Cases and Stakeholder Value • Product Teams can use the capability model to identify suitable IT components for their solutions.
• Domain Architects and Enterprise Architects can leverage it to optimize the IT portfolio, reduce duplication, and identify gaps in the technology landscape.
• Bu",Capability_Model,identifies,Redundancy,unknown_relation,unknown_relation,
372|Objective|linkedTo|Initiative,,,,"SECTION_TITLE: Governance and Ownership
CONTENT:
[
{""section"": ""Purpose"", ""key_entity"": ""Objective"", ""relationships"": ""defines strategic intent""},
{""section"": ""Scope"", ""key_entity"": ""Objective → Strategic Level"", ""relationships"": ""one-to-one""},
{""section"": ""Responsibility"", ""key_entity"": ""Objective → Org Unit(s)"", ""relationships"": ""one-to-one or one-to-many""},
{""section"": ""Capability Impact"", ""key_entity"": ""Objective → Business Capability"", ""relationships"": ""one-to-many""},
{""section"": ""Initiativ",Objective,linkedTo,Initiative,unknown_relation,unknown_relation,
53|Initiative|enables|Traceable_Execution,,,,"SECTION_TITLE: Structure Summary
CONTENT:
[
{""element"": ""Entity Type"", ""description"": ""Initiative""},
{""element"": ""Core Purpose"", ""description"": ""Drives change and supports the realization of objectives""},
{""element"": ""Characteristics"", ""description"": ""Time-bound, resource- intensive, architecture- relevant""},
{""element"": ""Strategic Role"", ""description"": ""Operationalizes objectives and enables traceable execution""},
{""element"": ""Stakeholders"", ""description"": ""Business Analysts, Enterprise Archite",Initiative,enables,Traceable_Execution,unknown_relation,unknown_relation,
62|Interface|alignedWith|Value_Stream,,,,"SECTION_TITLE: Purpose and benefits
CONTENT:
• What type of information objects are exchanged (e.g., master data, transactional data) • How the exchange occurs (e.g., synchronous, asynchronous) • In which direction the data flows (e.g., unidirectional, bidirectional) • At what frequency the exchange takes place (e.g., real-time, daily, batch) By modeling interfaces, architects gain visibility into data dependencies, integration complexity, and potential risks across the application landscape. Th",Interface,alignedWith,Value_Stream,unknown_relation,unknown_relation,
239|Logical_Interface|separatesFrom|Technical_Interface,,,,"SECTION_TITLE: Structure Summary – Interface Fact Sheets in LeanIX
CONTENT:
[
{""section"": ""Introduction"", ""key_concept"": ""Interface Fact Sheet"", ""description__rule"": ""Object in LeanIX to model data exchange between IT Products"", ""examples"": ""—""},
{""section"": ""Conceptual Overview"", ""key_concept"": ""Business-oriented modeling"", ""description__rule"": ""Focus on data flow, transfer type, frequency, and IT components"", ""examples"": ""—""},
{""section"": ""Interface Creation"", ""key_concept"": ""Consumer modeling",Logical_Interface,separatesFrom,Technical_Interface,unknown_relation,unknown_relation,
295|Digital_Solution|linkedTo|Processual_Unit,,,,"SECTION_TITLE: Modeling Guidelines
CONTENT:
These IT Products represent the technical building blocks that deliver business functionality and are developed and maintained by agile teams within the ART. To complete the modeling of a Digital Solution, the responsible ART must be explicitly assigned. Optionally, a unit from the organizational structure (e.g., a department or business unit) can also be linked to the solution. Additionally, it is possible—but not mandatory—to link the Digital Solutio",Digital_Solution,linkedTo,Processual_Unit,unknown_relation,unknown_relation,
303|Traceability|links|Organizational_Responsibility,,,,"SECTION_TITLE: Modeling Intent
CONTENT:
This metamodel provides a structured view of how digital solutions are defined and contextualized within enterprise architecture. It supports traceability from strategic initiatives to technical implementation and organizational responsibility, facilitating alignment between SAFe delivery structures and TOGAF® architectural principles.",Traceability,links,Organizational_Responsibility,unknown_relation,unknown_relation,
259|IT_Component|connectedTo|Organization,,,,"SECTION_TITLE: 3. TOGAF® C – Technical Architecture (Bottom Section)
CONTENT:
• Elements: o IT Component (pink box) o Tech Capability (pink box) o ADR (pink box) • Relationship to Organization: o All elements are connected to Organization via arrows labeled ""responsible / affected"".",IT_Component,connectedTo,Organization,unknown_relation,unknown_relation,
52|Initiative|linkedTo|Strategic_Intent,,,,"SECTION_TITLE: Definition: Initiative
CONTENT:
An Initiative represents a targeted, time-bound effort that drives change within the organization. It requires dedicated resources, impacts the enterprise architecture, and contributes directly to the achievement of one or more defined objectives. Initiatives serve as the operational link between strategic intent and execution, enabling measurable progress toward business goals.",Initiative,linkedTo,Strategic_Intent,unknown_relation,unknown_relation,
376|Objective|aligns|Business_Strategy,,,,"SECTION_TITLE: Definition: Objective
CONTENT:
An Objective Fact Sheet is used to represent a strategic goal and the transformations required to achieve it. It serves as a formalized anchor for planning, tracking, and aligning enterprise-wide initiatives with business strategy. Objectives provide structure and traceability for transformation programs and enable consistent communication across business and IT stakeholders. Summary
Summary",Objective,aligns,Business_Strategy,unknown_relation,unknown_relation,
225|Interface|associatedWith|IT_Product,,,,"SECTION_TITLE: Specific Modelling Rules and Best
CONTENT:
Practices for an Interface Interface Creation Interfaces must be created by the IT product provider! However, if an interface was not modeled when the product owner created the IT product, any user consuming the interface can and should create it and associate it with the IT product providing it. All modeling must comply with the defined guidelines.",Interface,associatedWith,IT_Product,unknown_relation,unknown_relation,
398|Capability_Model|usedBy|Internal_User,,,,"SECTION_TITLE: Purpose and Benefits
CONTENT:
• Increase transparency across the technology stack • Identify redundancies in the IT landscape • Detect whitespots (missing or underrepresented capabilities) Use Cases and Stakeholder Value • Product Teams can use the capability model to identify suitable IT components for their solutions.
• Domain Architects and Enterprise Architects can leverage it to optimize the IT portfolio, reduce duplication, and identify gaps in the technology landscape.
• Bu",Capability_Model,usedBy,Internal_User,unknown_relation,unknown_relation,
236|Logical_Interface|connects|Provider_IT_Product,,,,"SECTION_TITLE: Technical Implementation of Interfaces
CONTENT:
Modeling Guidelines: • The logical interface is modeled between the provider and consumer IT Products. • The technical implementation is modeled by linking a platform IT Product (e.g., middleware, API gateway) in the “Technical Architecture” section of the Interface Fact Sheet. • This allows for clear separation of concerns: business logic vs. technical infrastructure.",Logical_Interface,connects,Provider_IT_Product,unknown_relation,unknown_relation,
393|Business_Process|partOf|Business_Architecture,,,,"SECTION_TITLE: Decision Support for Enterprise Architecture
CONTENT:
[
{""section"": ""Definition"", ""key_concept"": ""Business Process"", ""description"": ""Logically linked activities to achieve a goal""},
{""section"": ""Strategic Insight"", ""key_concept"": ""Process → Business Architecture"", ""description"": ""Identifies critical or change-prone processes""},
{""section"": ""Application Mapping"", ""key_concept"": ""Process → Application"", ""description"": ""Enables traceability and impact analysis""},
{""section"": ""Gap & R",Business_Process,partOf,Business_Architecture,unknown_relation,unknown_relation,
6|Business_Capability|linkedTo|Corporate_Goal,,,,"SECTION_TITLE: Lifecycle and Strategic Planning
CONTENT:
• Lifecycle tracking of application support per capability.
• Planning of transitions and investments in business units or portfolios.
• Strategic alignment reporting by linking capabilities to applications and corporate goals.",Business_Capability,linkedTo,Corporate_Goal,unknown_relation,unknown_relation,
45|Application|alignedWith|Value_Creation_Process,,,,"SECTION_TITLE: Definition: IT Product
CONTENT:
At Porsche, an IT Product is classified as either an Application or a Platform. Regardless of category, each IT Product must have clearly defined ownership and accountability. Applikationen An Application is an IT Product that delivers specific business functionality to support business processes—for example, by automating process steps. Applications contribute to the realization of business capabilities and are aligned with the value creation proce",Application,alignedWith,Value_Creation_Process,unknown_relation,unknown_relation,
303|Enterprise_Architecture|facilitatesAlignmentBetween|Architectural_Principle,,,,"SECTION_TITLE: Modeling Intent
CONTENT:
This metamodel provides a structured view of how digital solutions are defined and contextualized within enterprise architecture. It supports traceability from strategic initiatives to technical implementation and organizational responsibility, facilitating alignment between SAFe delivery structures and TOGAF® architectural principles.",Enterprise_Architecture,facilitatesAlignmentBetween,Architectural_Principle,unknown_relation,unknown_relation,
155|IT_Component|linkedTo|IT_Product,,,,"SECTION_TITLE: IT Product Assignment
CONTENT:
Each IT component must be linked to one or more IT Products. Best practice: Assign components from the IT Product perspective.",IT_Component,linkedTo,IT_Product,unknown_relation,unknown_relation,
259|Tech_Capability|connectedTo|Organization,,,,"SECTION_TITLE: 3. TOGAF® C – Technical Architecture (Bottom Section)
CONTENT:
• Elements: o IT Component (pink box) o Tech Capability (pink box) o ADR (pink box) • Relationship to Organization: o All elements are connected to Organization via arrows labeled ""responsible / affected"".",Tech_Capability,connectedTo,Organization,unknown_relation,unknown_relation,
42|IT_Component|documentedIn|Architecture_Management_Tool,,,,"SECTION_TITLE: Purpose and benefits
CONTENT:
This structured overview helps stakeholders across architecture, business, and operations to better identify, classify, and manage IT components within tools like LeanIX. These components are technical in nature, not tied to business logic, and can be either purchased, open source, or internally developed. They are commonly used in IT architecture modeling and are suitable for documentation in tools like LeanIX. Structure Summary: IT Component Example",IT_Component,documentedIn,Architecture_Management_Tool,unknown_relation,unknown_relation,
303|Traceability|links|Strategic_Initiative,,,,"SECTION_TITLE: Modeling Intent
CONTENT:
This metamodel provides a structured view of how digital solutions are defined and contextualized within enterprise architecture. It supports traceability from strategic initiatives to technical implementation and organizational responsibility, facilitating alignment between SAFe delivery structures and TOGAF® architectural principles.",Traceability,links,Strategic_Initiative,unknown_relation,unknown_relation,
258|Process|connectedTo|Organization,,,,"SECTION_TITLE: 2. TOGAF® B – Business Architecture (Middle Section)
CONTENT:
• Elements: o Business Capability (pink box) o IT Product (pink box) o Process (pink box) o Interface (pink box) o Digital Solution (pink box) • Relationship to Organization: o All elements are connected to Organization via arrows labeled ""responsible / affected"".",Process,connectedTo,Organization,unknown_relation,unknown_relation,
383|Organization|owns|Business_Object,,,,"SECTION_TITLE: Definition: Organization
CONTENT:
Organizations represent the users/owners of Applications or other business objetcts that can be modeled within different dimensions to create hierarchical structures. In Porsche AG's LeanIX, we distinguish between the elements of the structural organization and the elements of the process organization according to SAFe. The elements of the organizational structure represent the organizational structure of Porsche AG and its subsidiaries. The proce",Organization,owns,Business_Object,unknown_relation,unknown_relation,
12|Digital_Solution|developedWithin|Agile_Release_Train,,,,"SECTION_TITLE: Characteristics of a Digital Solution
CONTENT:
• Consists of IT Products Each IT Product is an application, business service, or business platform, including its associated technologies. These are delivered to internal users (employees) and/or external users (customers).
• Supports Business Capabilities IT Products enable business capabilities, processes, and data entities.
• Enables Operational Value Streams (OVS) Digital Solutions are designed to support and enhance OVS by deliv",Digital_Solution,developedWithin,Agile_Release_Train,unknown_relation,unknown_relation,
48|IT_Product|documents|Governance_Requirements,,,,"SECTION_TITLE: Purpose and Benefits
CONTENT:
From an enterprise architecture perspective, the IT Product is the central modeling object across all architecture layers. It enables: • Functional development planning • Portfolio and release planning • Centralized documentation of: o Security o Compliance o Data protection o Governance requirements The IT Product is the primary reference object for ensuring: • Compliance with the Federal Data Protection Act (BDSG) • Fulfillment of corporate due dili",IT_Product,documents,Governance_Requirements,unknown_relation,unknown_relation,
12|Digital_Solution|managedWithin|Portfolio,,,,"SECTION_TITLE: Characteristics of a Digital Solution
CONTENT:
• Consists of IT Products Each IT Product is an application, business service, or business platform, including its associated technologies. These are delivered to internal users (employees) and/or external users (customers).
• Supports Business Capabilities IT Products enable business capabilities, processes, and data entities.
• Enables Operational Value Streams (OVS) Digital Solutions are designed to support and enhance OVS by deliv",Digital_Solution,managedWithin,Portfolio,unknown_relation,unknown_relation,
48|IT_Product|documents|Compliance_Requirements,,,,"SECTION_TITLE: Purpose and Benefits
CONTENT:
From an enterprise architecture perspective, the IT Product is the central modeling object across all architecture layers. It enables: • Functional development planning • Portfolio and release planning • Centralized documentation of: o Security o Compliance o Data protection o Governance requirements The IT Product is the primary reference object for ensuring: • Compliance with the Federal Data Protection Act (BDSG) • Fulfillment of corporate due dili",IT_Product,documents,Compliance_Requirements,unknown_relation,unknown_relation,
295|Digital_Solution|linkedTo|Business_Capability,,,,"SECTION_TITLE: Modeling Guidelines
CONTENT:
These IT Products represent the technical building blocks that deliver business functionality and are developed and maintained by agile teams within the ART. To complete the modeling of a Digital Solution, the responsible ART must be explicitly assigned. Optionally, a unit from the organizational structure (e.g., a department or business unit) can also be linked to the solution. Additionally, it is possible—but not mandatory—to link the Digital Solutio",Digital_Solution,linkedTo,Business_Capability,unknown_relation,unknown_relation,
236|Technical_Implementation|linkedTo|Platform_IT_Product,,,,"SECTION_TITLE: Technical Implementation of Interfaces
CONTENT:
Modeling Guidelines: • The logical interface is modeled between the provider and consumer IT Products. • The technical implementation is modeled by linking a platform IT Product (e.g., middleware, API gateway) in the “Technical Architecture” section of the Interface Fact Sheet. • This allows for clear separation of concerns: business logic vs. technical infrastructure.",Technical_Implementation,linkedTo,Platform_IT_Product,unknown_relation,unknown_relation,
104|Business_Process|linkedTo|Application,,,,"SECTION_TITLE: System Integration: LeanIX ↔ BIC
CONTENT:
To support enterprise architecture modeling, especially the business architecture layer, LeanIX relies on the availability of active business processes. For this reason, a synchronization interface is in place: Process Import from BIC to LeanIX • All active business processes modeled in BIC are automatically imported into LeanIX. • These processes are available in LeanIX for reference and linkage to other architectural elements (e.g., appl",Business_Process,linkedTo,Application,unknown_relation,unknown_relation,
37|API_Gateway|manages|API_Lifecycle,,,,"SECTION_TITLE: Purpose and benefits
CONTENT:
[
{""category"": ""Database"", ""example"": ""Microsoft SQL Server"", ""type"": ""Commercial (COTS)"", ""description"": ""Arelational database platform used to store and manage structured data.""},
{""category"": ""Middleware"", ""example"": ""Apache Kafka"", ""type"": ""Open Source / In-house"", ""description"": ""Adistributed streaming platform for real-time data pipelines and messaging.""},
{""category"": ""Operating System"", ""example"": ""Red Hat Enterprise Linux"", ""type"": ""Commercia",API_Gateway,manages,API_Lifecycle,unknown_relation,unknown_relation,
221|Interface|connects|IT_Product,,,,"SECTION_TITLE: Introduction
CONTENT:
They represent the data exchange and integration between IT Products. Each Interface Fact Sheet captures: • The direction of data flow • The type of data transfer • The frequency of exchange • The underlying IT Products (software, hardware, or services) This approach enables a clear understanding of how systems interact and supports strategic decision-making across business and IT.",Interface,connects,IT_Product,unknown_relation,unknown_relation,
7|Business_Capability|linkedTo|Application,,,,"SECTION_TITLE: Structure Summary
CONTENT:
[
{""section"": ""Application Classification"", ""key_concept"": ""Capability ↔ System Type"", ""description"": ""Distinguishes business application vs. technical component""},
{""section"": ""Conceptual Separation"", ""key_concept"": ""Capability ≠ Process"", ""description"": ""\""What\"" vs. \""How\"" distinction""},
{""section"": ""Analytical Use"", ""key_concept"": ""Capability → IT Landscape"", ""description"": ""Identifies gaps, overlaps, and optimization potential""},
{""section"": ""Lifec",Business_Capability,linkedTo,Application,unknown_relation,unknown_relation,
167|Initiative|linkedTo|Technical_Component,,,,"SECTION_TITLE: Purpose: This metamodel is designed to support enterprise architecture modeling in LeanIX
CONTENT:
by clearly defining how initiatives, business structures, and technical components interrelate. It enables traceability from strategic initiatives down to the technical implementation, supporting impact analysis, capability mapping, and IT landscape planning.",Initiative,linkedTo,Technical_Component,unknown_relation,unknown_relation,
303|Digital_Solution|definedIn|Enterprise_Architecture,,,,"SECTION_TITLE: Modeling Intent
CONTENT:
This metamodel provides a structured view of how digital solutions are defined and contextualized within enterprise architecture. It supports traceability from strategic initiatives to technical implementation and organizational responsibility, facilitating alignment between SAFe delivery structures and TOGAF® architectural principles.",Digital_Solution,definedIn,Enterprise_Architecture,unknown_relation,unknown_relation,
367|Objective_Fact_Sheet|defines|Strategic_Goal,,,,"SECTION_TITLE: Specific Modelling Rules and Best
CONTENT:
Practices for an Objective Purpose An Objective Fact Sheet is used to define and document strategic goals within the enterprise architecture. It serves as a semantic anchor for aligning business and IT strategy across different organizational levels. Strategic Scope Each Objective must be assigned to one of the following strategic levels: • Enterprise Level – for company-wide strategic alignment (preferred in classical EAM). • Portfolio L",Objective_Fact_Sheet,defines,Strategic_Goal,entity_mismatch,known_relation_but_subject_and_object_not_allowed,
41|IT_Component|classifies|Middleware,,,,"SECTION_TITLE: Purpose and benefits
CONTENT:
Structure Summary Examples of IT Components To support a clear and practical understanding of the concept of IT components, this section provides categorized examples that reflect real-world technologies commonly used in enterprise IT landscapes. These examples illustrate how IT components—whether commercial, open source, or developed in-house—serve as foundational building blocks within the technical architecture of IT products. Each example is mappe",IT_Component,classifies,Middleware,entity_mismatch,known_relation_but_object_not_allowed,
174|IT_Product|consists_of|Third_Party_Software,,,,"SECTION_TITLE: Structure Summary
CONTENT:
[
{""section"": ""Decision Rule"", ""key_concept"": ""Classification Logic"", ""description"": ""Defines when to use IT Product vs. IT Component"", ""examples"": ""Business Capability → IT Product; Technical Capability → IT Component""},
{""section"": ""IT Product Characteristics"", ""key_concept"": ""Definition"", ""description"": ""Logical bundle of business functions, may include custom or third-party software"", ""examples"": ""SaaS, on-prem apps, business platforms""},
{""section"":",IT_Product,consists_of,Third_Party_Software,entity_mismatch,known_relation_but_subject_and_object_not_allowed,
19|Technology_Architecture|supports|Technical_Realization,,,,"SECTION_TITLE: Together, the Business Architecture and Information Systems Architecture form
CONTENT:
the Business Architecture domain. Technology Architecture This layer supports the technical realization of applications. Applications from the Application Architecture require infrastructure for procurement, integration, and operation. Relevant objects include: • IT Product (Platform) • IT Component • Vendor • Tech Capability LLM-Ready Structure Summary Image Description: TOGAF-Based Architectur",Technology_Architecture,supports,Technical_Realization,entity_mismatch,known_relation_but_subject_and_object_not_allowed,
373|Objective|realizes|Strategic_Goal,,,,"SECTION_TITLE: Governance and Ownership
CONTENT:
• There is no central authority for managing Objectives.
• Responsibility for creation, maintenance, and usage lies with the creator and user.
• For guidance, contact the Enterprise Architects of the respective portfolio or the Chief Architects.
1. Objective (pink) – Represents a strategic goal.
2. Initiative (green) – A time-bound effort to implement a goal.
3. Organization (yellow) – An organizational unit responsible for the objective.",Objective,realizes,Strategic_Goal,entity_mismatch,known_relation_but_subject_and_object_not_allowed,
119|IT_Component|provides|Technical_Functionality,,,,"SECTION_TITLE: Checklist for Classifying Architecture Objects
CONTENT:
[
{""question"": ""1. Does the object provide purely technical functionality without business logic?"", ""if_yes_"": ""→ IT Component"", ""if_no_"": ""→ Proceed to Question 2""},
{""question"": ""2. Does the object directly support a business process?"", ""if_yes_"": ""→ IT Product"", ""if_no_"": ""→ Proceed to Question 3""},
{""question"": ""3. Is the object organizational, physical, or contractual in nature?"", ""if_yes_"": ""→ Not an IT Component"", ""if_",IT_Component,provides,Technical_Functionality,entity_mismatch,known_relation_but_object_not_allowed,
35|IT_Component|supports|IT_Product,,,,"SECTION_TITLE: Definition: IT Component
CONTENT:
They serve as the technical building blocks that enable the functionality and operation of IT products.",IT_Component,supports,IT_Product,relation_mismatch,known_relation_but_subject_not_allowed,
19|IT_Product|consists_of|IT_Component,,,,"SECTION_TITLE: Together, the Business Architecture and Information Systems Architecture form
CONTENT:
the Business Architecture domain. Technology Architecture This layer supports the technical realization of applications. Applications from the Application Architecture require infrastructure for procurement, integration, and operation. Relevant objects include: • IT Product (Platform) • IT Component • Vendor • Tech Capability LLM-Ready Structure Summary Image Description: TOGAF-Based Architectur",IT_Product,consists_of,IT_Component,direction_mismatch,known_relation_but_subject_and_object_not_allowed,
171|IT_Product|realizes|Technical_Component_Bundle,,,,"SECTION_TITLE: Characteristics of an IT Product
CONTENT:
• It bundles business functions in a logically and functionally bounded way to process data.
• It may include custom-developed elements such as application code, configuration data, macros, etc.
• It can be a third-party software product, used as SaaS, cloud-based, or on-premises.
• It may represent a bundle of technical components that together provide infrastructure or business platforms.",IT_Product,realizes,Technical_Component_Bundle,entity_mismatch,known_relation_but_subject_and_object_not_allowed,
389|Business_Process|consists_of|Business_Process,,,,"SECTION_TITLE: Definition: Business Process
CONTENT:
A business process is a structured sequence of logically connected activities designed to achieve a specific business or operational goal. A process may be: • Part of a higher-level process (process hierarchy), • Composed of subprocesses, • Or used to implement other processes.",Business_Process,consists_of,Business_Process,entity_mismatch,known_relation_but_subject_and_object_not_allowed,
54|Initiative|affects|Business_Context,,,,"SECTION_TITLE: Purpose and Benefits of the Initiative Fact
CONTENT:
Sheet Visibility and Impact Analysis Modeling an Initiative Fact Sheet provides a clear view of the status, scope, and impact of an initiative across the enterprise architecture. It enables stakeholders to assess how an initiative affects key architectural domains, including: • Business Capabilities • Business Contexts • Applications • Organizations • Platforms • IT Components",Initiative,affects,Business_Context,entity_mismatch,known_relation_but_object_not_allowed,
244|IT_Product|provides|Business_Capability,,,,"SECTION_TITLE: Key Modeling Concepts
CONTENT:
[
{""element"": ""Initiative"", ""type"": ""Business Object"", ""color"": ""Pink"", ""role_in_model"": ""Represents a strategic project or transformation initiative""},
{""element"": ""IT Product / Platform"", ""type"": ""Application"", ""color"": ""Pink"", ""role_in_model"": ""Represents a system or platform that delivers business or technical capabilities""},
{""element"": ""Interface"", ""type"": ""Integration"", ""color"": ""Green"", ""role_in_model"": ""Represents a data or service exchange ",IT_Product,provides,Business_Capability,relation_mismatch,known_relation_but_object_not_allowed,
18|Application_Architecture|consists_of|Digital_Solution,,,,"SECTION_TITLE: Architecture Levels
CONTENT:
• Objectives • Initiatives (Projects) Business Architecture This layer includes the following objects:
• Organization • Business Capability • Process Note: Except for Business Capabilities and their mappings, these elements are created and maintained outside of LeanIX as part of business process modeling.
• Digital Solution • IT Product (Application, Platform, Group Application) • Interface These are part of the Application Architecture. Additionally:
",Application_Architecture,consists_of,Digital_Solution,entity_mismatch,known_relation_but_subject_not_allowed,
12|IT_Product|consists_of|Technology,,,,"SECTION_TITLE: Characteristics of a Digital Solution
CONTENT:
• Consists of IT Products Each IT Product is an application, business service, or business platform, including its associated technologies. These are delivered to internal users (employees) and/or external users (customers).
• Supports Business Capabilities IT Products enable business capabilities, processes, and data entities.
• Enables Operational Value Streams (OVS) Digital Solutions are designed to support and enhance OVS by deliv",IT_Product,consists_of,Technology,entity_mismatch,known_relation_but_subject_and_object_not_allowed,
114|IT_Component|consists_of|Infrastructure_Component,,,,"SECTION_TITLE: Introduction
CONTENT:
IT components are modeled to describe the technical architecture of an IT product. In addition to infrastructure, platform, and service components required by the IT product, there must be at least one IT component that represents the technical characteristics of the product—such as its version, vendor lifecycle, or manufacturer. IT components can only be created by an authorized group of users. Currently, this group consists of the administrators and the use",IT_Component,consists_of,Infrastructure_Component,entity_mismatch,known_relation_but_object_not_allowed,
75|Organizational_Responsibility|classifies|Technical_Responsibility,,,,"SECTION_TITLE: Organizational Responsibilities
CONTENT:
Each Fact Sheet in LeanIX must include an assignment of organizational responsibility. This responsibility can be defined at two levels: • Organizational Structure Level (e.g., departments, business units) • Process Organization Level (e.g., Agile Release Trains, portfolios) For certain Fact Sheet types, a distinction may also be made between functional (business) responsibility and technical (IT) responsibility. At least one form of respon",Organizational_Responsibility,classifies,Technical_Responsibility,entity_mismatch,known_relation_but_subject_and_object_not_allowed,
118|IT_Component|affects|Cost,,,,"SECTION_TITLE: Key Characteristics of an IT Component
CONTENT:
• It may incur costs (e.g., purchase, licensing, support).
• It may be subject to service-level agreements or operational targets.",IT_Component,affects,Cost,entity_mismatch,known_relation_but_subject_and_object_not_allowed,
77|Responsibility|responsible_for|Organizational_Unit,,,,"SECTION_TITLE: Responsibility at the Organizational Structure Level
CONTENT:
• Division • Main Department • Department • Subdepartment (lowest level) In LeanIX modeling, unless explicitly stated otherwise, responsibility must always be assigned to the lowest available level of the organizational structure.
• Ensure that the assigned unit reflects the actual operational responsibility.
• This ensures clear accountability, accurate reporting, and effective governance.",Responsibility,responsible_for,Organizational_Unit,entity_mismatch,known_relation_but_subject_and_object_not_allowed,
36|IT_Component|supports|IT_Planning,,,,"SECTION_TITLE: Purpose and benefits
CONTENT:
[
{""field"": ""Entity"", ""content"": ""IT Component""},
{""field"": ""Definition"", ""content"": ""Atechnical building block of an IT product, independent of business logic, sourced from vendors or developed in-house.""},
{""field"": ""Purpose"", ""content"": ""Enables organizations to run, maintain, and change IT products.""},
{""field"": ""Usage Context"", ""content"": ""Used within technical platforms or directly in IT products.""},
{""field"": ""Key Benefits"", ""content"": ""Lifecyc",IT_Component,supports,IT_Planning,entity_mismatch,known_relation_but_subject_and_object_not_allowed,
181|Lifecycle|supports|Strategic_Planning,,,,"SECTION_TITLE: Lifecycle Management in LeanIX Fact Sheets
CONTENT:
Each Fact Sheet type in LeanIX can be assigned a lifecycle. Whether this assignment is mandatory depends on the specific Fact Sheet type and is indicated on its detail page. Recommended Practice Regardless of whether the lifecycle is mandatory, it is strongly recommended to provide the following information: • Start of productive use (Go-Live date) • Decommissioning date (if known) Depending on the desired level of detail, additi",Lifecycle,supports,Strategic_Planning,entity_mismatch,known_relation_but_subject_and_object_not_allowed,
114|IT_Component|consists_of|Platform_Component,,,,"SECTION_TITLE: Introduction
CONTENT:
IT components are modeled to describe the technical architecture of an IT product. In addition to infrastructure, platform, and service components required by the IT product, there must be at least one IT component that represents the technical characteristics of the product—such as its version, vendor lifecycle, or manufacturer. IT components can only be created by an authorized group of users. Currently, this group consists of the administrators and the use",IT_Component,consists_of,Platform_Component,entity_mismatch,known_relation_but_object_not_allowed,
239|Business_Oriented_Modeling|defines|Transfer_Type,,,,"SECTION_TITLE: Structure Summary – Interface Fact Sheets in LeanIX
CONTENT:
[
{""section"": ""Introduction"", ""key_concept"": ""Interface Fact Sheet"", ""description__rule"": ""Object in LeanIX to model data exchange between IT Products"", ""examples"": ""—""},
{""section"": ""Conceptual Overview"", ""key_concept"": ""Business-oriented modeling"", ""description__rule"": ""Focus on data flow, transfer type, frequency, and IT components"", ""examples"": ""—""},
{""section"": ""Interface Creation"", ""key_concept"": ""Consumer modeling",Business_Oriented_Modeling,defines,Transfer_Type,entity_mismatch,known_relation_but_subject_and_object_not_allowed,
48|IT_Product|ensures|Compliance,,,,"SECTION_TITLE: Purpose and Benefits
CONTENT:
From an enterprise architecture perspective, the IT Product is the central modeling object across all architecture layers. It enables: • Functional development planning • Portfolio and release planning • Centralized documentation of: o Security o Compliance o Data protection o Governance requirements The IT Product is the primary reference object for ensuring: • Compliance with the Federal Data Protection Act (BDSG) • Fulfillment of corporate due dili",IT_Product,ensures,Compliance,entity_mismatch,known_relation_but_subject_not_allowed,
171|Technical_Component_Bundle|provides|Infrastructure,,,,"SECTION_TITLE: Characteristics of an IT Product
CONTENT:
• It bundles business functions in a logically and functionally bounded way to process data.
• It may include custom-developed elements such as application code, configuration data, macros, etc.
• It can be a third-party software product, used as SaaS, cloud-based, or on-premises.
• It may represent a bundle of technical components that together provide infrastructure or business platforms.",Technical_Component_Bundle,provides,Infrastructure,entity_mismatch,known_relation_but_subject_and_object_not_allowed,
48|IT_Product|supports|Portfolio_and_Release_Planning,,,,"SECTION_TITLE: Purpose and Benefits
CONTENT:
From an enterprise architecture perspective, the IT Product is the central modeling object across all architecture layers. It enables: • Functional development planning • Portfolio and release planning • Centralized documentation of: o Security o Compliance o Data protection o Governance requirements The IT Product is the primary reference object for ensuring: • Compliance with the Federal Data Protection Act (BDSG) • Fulfillment of corporate due dili",IT_Product,supports,Portfolio_and_Release_Planning,entity_mismatch,known_relation_but_object_not_allowed,
173|IT_Product|consumes|Data_Type,,,,"SECTION_TITLE: Modeling Rule: When to Create a Separate IT Product
CONTENT:
Even if the same software is used across departments (e.g., CATIA, MATLAB), a separate IT Product must be modeled if: • It is used in a different business or logical context • It processes different types of data, possibly with different classifications • It involves different organizational responsibilities • It runs on different infrastructures (e.g., cloud vs. on-prem, Windows vs. Linux)",IT_Product,consumes,Data_Type,entity_mismatch,known_relation_but_object_not_allowed,
171|IT_Product|consists_of|Custom_Developed_Element,,,,"SECTION_TITLE: Characteristics of an IT Product
CONTENT:
• It bundles business functions in a logically and functionally bounded way to process data.
• It may include custom-developed elements such as application code, configuration data, macros, etc.
• It can be a third-party software product, used as SaaS, cloud-based, or on-premises.
• It may represent a bundle of technical components that together provide infrastructure or business platforms.",IT_Product,consists_of,Custom_Developed_Element,entity_mismatch,known_relation_but_subject_and_object_not_allowed,
63|Interface|supports|Information_and_Data_Architecture,,,,"SECTION_TITLE: Structure Summary: Interface Modeling in
CONTENT:
[
{""section"": ""Context"", ""element"": ""Domain"", ""description"": ""Enterprise Architecture, SAFe, LeanIX""},
{""section"": ""Context"", ""element"": ""Purpose"", ""description"": ""Visualize how interfaces connect applications and link application and data architecture""},
{""section"": ""Core Concept"", ""element"": ""Interface"", ""description"": ""Logical connection between two applications for data exchange""},
{""section"": ""Core Concept"", ""element"": ""Applic",Interface,supports,Information_and_Data_Architecture,entity_mismatch,known_relation_but_subject_and_object_not_allowed,
146|SaaS|classifies|IT_Component,,,,"SECTION_TITLE: IT Component Categories
CONTENT:
[
{""category"": ""Hardware"", ""description"": ""Physical IT infrastructure"", ""examples"": ""IBM z15, HP ProLiant DL560""},
{""category"": ""IaaS"", ""description"": ""Virtualized infrastructure"", ""examples"": ""AWS EC2, Azure VMs""},
{""category"": ""PaaS"", ""description"": ""Cloud platforms for development"", ""examples"": ""Google App Engine, SAP BTP""},
{""category"": ""SaaS"", ""description"": ""Subscription-based software"", ""examples"": ""Salesforce, LeanIX""},
{""category"": ""Servic",SaaS,classifies,IT_Component,entity_mismatch,known_relation_but_object_not_allowed,
100|Business_Capability|is_similar_to|Structured_Element,,,,"SECTION_TITLE: Structure Summary
CONTENT:
[
{""section"": ""Purpose"", ""key_concept"": ""Capability → EAM"", ""description"": ""Strategic abstraction for business-IT alignment""},
{""section"": ""Modeling Autonomy"", ""key_concept"": ""Org Unit → Capability Usage"", ""description"": ""Each unit defines and maintains its own capabilities""},
{""section"": ""Subtypes in LeanIX"", ""key_concept"": ""Structured Element vs. Business Capability"", ""description"": ""Only the latter is linkable to other fact sheets""},
{""section"": ""Exte",Business_Capability,is_similar_to,Structured_Element,entity_mismatch,known_relation_but_subject_and_object_not_allowed,
242|Initiative|requires|Interface,,,,"SECTION_TITLE: 1. Upper Section – Strategic Alignment (TOGAF® A: Architecture Vision)
CONTENT:
• Element: Initiative (colored pink) • Element: Interface (colored green) • Relationship: A downward arrow from Initiative to Interface indicates that the initiative is influenced by or dependent on the interface.
• Contextual Tag: A yellow circle labeled ""TOGAF® A. Architecture Vision"" is placed to the right, signifying that this relationship supports strategic planning and vision alignment.",Initiative,requires,Interface,relation_mismatch,known_relation_but_subject_and_object_not_allowed,
172|IT_Component|supports|Technical_Capability,,,,"SECTION_TITLE: Examples
CONTENT:
[
{""name"": ""Thunder"", ""description"": ""Web application supporting the sales process"", ""classification"": ""IT Product"", ""justification"": ""Supports multiple business capabilities like \""Vehicle Sales\""""},
{""name"": ""Python"", ""description"": ""Programming language"", ""classification"": ""IT Component"", ""justification"": ""Not directly tied to a business capability""},
{""name"": ""Paint.NET"", ""description"": ""Image editing software"", ""classification"": ""Neither"", ""justification"": """,IT_Component,supports,Technical_Capability,relation_mismatch,known_relation_but_subject_and_object_not_allowed,
57|Initiative|affects|Objective,,,,"SECTION_TITLE: Responsible / Subscriptions
CONTENT:
[
{""section"": ""Impact Analysis"", ""key_concept"": ""Initiative → Architecture Elements"", ""description"": ""Shows impact on capabilities, systems, and organizational units""},
{""section"": ""Strategic Alignment"", ""key_concept"": ""Initiative → Objective"", ""description"": ""Links execution to strategic goals""},
{""section"": ""Operational Metadata"", ""key_concept"": ""Initiative → Budget, Timeline, Roles"", ""description"": ""Surfaces key planning and governance data""",Initiative,affects,Objective,relation_mismatch,known_relation_but_object_not_allowed,
18|Application_Architecture|consists_of|IT_Product,,,,"SECTION_TITLE: Architecture Levels
CONTENT:
• Objectives • Initiatives (Projects) Business Architecture This layer includes the following objects:
• Organization • Business Capability • Process Note: Except for Business Capabilities and their mappings, these elements are created and maintained outside of LeanIX as part of business process modeling.
• Digital Solution • IT Product (Application, Platform, Group Application) • Interface These are part of the Application Architecture. Additionally:
",Application_Architecture,consists_of,IT_Product,entity_mismatch,known_relation_but_subject_not_allowed,
6|Application|supports|Business_Capability,,,,"SECTION_TITLE: Lifecycle and Strategic Planning
CONTENT:
• Lifecycle tracking of application support per capability.
• Planning of transitions and investments in business units or portfolios.
• Strategic alignment reporting by linking capabilities to applications and corporate goals.",Application,supports,Business_Capability,relation_mismatch,known_relation_but_subject_not_allowed,
48|Compliance|consists_of|Security_Requirements,,,,"SECTION_TITLE: Purpose and Benefits
CONTENT:
From an enterprise architecture perspective, the IT Product is the central modeling object across all architecture layers. It enables: • Functional development planning • Portfolio and release planning • Centralized documentation of: o Security o Compliance o Data protection o Governance requirements The IT Product is the primary reference object for ensuring: • Compliance with the Federal Data Protection Act (BDSG) • Fulfillment of corporate due dili",Compliance,consists_of,Security_Requirements,entity_mismatch,known_relation_but_subject_and_object_not_allowed,
362|Organization_Unit|consists_of|Sub_Unit,,,,"SECTION_TITLE: Usage Guidelines
CONTENT:
[
{""use_case"": ""Platform Composition"", ""parent_type"": ""Platform"", ""child_type"": ""IT Component""},
{""use_case"": ""Organizational Hierarchy"", ""parent_type"": ""Organization Unit"", ""child_type"": ""Sub-Unit""},
{""use_case"": ""Portfolio Structure"", ""parent_type"": ""Portfolio"", ""child_type"": ""Product / Application""}
]",Organization_Unit,consists_of,Sub_Unit,entity_mismatch,known_relation_but_subject_and_object_not_allowed,
334|Process|affects|IT_Product,,,,"SECTION_TITLE: Interface and Impact Modeling
CONTENT:
• Focus on identifying actual interfaces and points of impact.
• In most cases, assigning only the directly affected IT products is sufficient.
• If IT Product fact sheets are properly maintained, indirect impacts (e.g. on business capabilities, IT components, or processes) can be inferred via the linked IT products.",Process,affects,IT_Product,relation_mismatch,known_relation_but_subject_not_allowed,
92|Business_Capability|defines|Strategic_Abstraction,,,,"SECTION_TITLE: Specific Modelling Rules and Best Practices
CONTENT:
for a Business Capability Purpose of Business Capabilities in EAM A business capability serves as a stable, strategic abstraction of what an organization must be able to do to deliver value and fulfill its mission. In the context of Enterprise Architecture Management (EAM), business capabilities provide a structured, technology-neutral view of the enterprise’s functional needs and enable alignment between business and IT.",Business_Capability,defines,Strategic_Abstraction,entity_mismatch,known_relation_but_subject_and_object_not_allowed,
239|Interface|ownedBy|Provider_IT_Product,,,,"SECTION_TITLE: Structure Summary – Interface Fact Sheets in LeanIX
CONTENT:
[
{""section"": ""Introduction"", ""key_concept"": ""Interface Fact Sheet"", ""description__rule"": ""Object in LeanIX to model data exchange between IT Products"", ""examples"": ""—""},
{""section"": ""Conceptual Overview"", ""key_concept"": ""Business-oriented modeling"", ""description__rule"": ""Focus on data flow, transfer type, frequency, and IT components"", ""examples"": ""—""},
{""section"": ""Interface Creation"", ""key_concept"": ""Consumer modeling",Interface,ownedBy,Provider_IT_Product,entity_mismatch,known_relation_but_subject_and_object_not_allowed,
105|IT_Product|supports|Process_Step,,,,"SECTION_TITLE: System Integration: LeanIX ↔ BIC
CONTENT:
• If an application has been assigned to a process step in BIC, this assignment is also synchronized to LeanIX Application Export from LeanIX to BIC • All active IT products in LeanIX are synchronized to BIC as applications. • These applications can then be assigned to process activities within BIC. This bidirectional integration ensures consistency between process modeling and enterprise architecture views.",IT_Product,supports,Process_Step,entity_mismatch,known_relation_but_object_not_allowed,
52|Initiative|improves|Objective,,,,"SECTION_TITLE: Definition: Initiative
CONTENT:
An Initiative represents a targeted, time-bound effort that drives change within the organization. It requires dedicated resources, impacts the enterprise architecture, and contributes directly to the achievement of one or more defined objectives. Initiatives serve as the operational link between strategic intent and execution, enabling measurable progress toward business goals.",Initiative,improves,Objective,relation_mismatch,known_relation_but_subject_and_object_not_allowed,
193|Application|consists_of|Application,,,,"SECTION_TITLE: Usage Guidelines
CONTENT:
[
{""use_case"": ""Application Suite"", ""parent_type"": ""Application"", ""child_type"": ""Application""},
{""use_case"": ""Platform Composition"", ""parent_type"": ""Platform"", ""child_type"": ""IT Component""},
{""use_case"": ""Organizational Hierarchy"", ""parent_type"": ""Organization Unit"", ""child_type"": ""Sub-Unit""},
{""use_case"": ""Portfolio Structure"", ""parent_type"": ""Portfolio"", ""child_type"": ""Product / Application""}
]",Application,consists_of,Application,relation_mismatch,known_relation_but_subject_not_allowed,
379|Objective|realizes|Transformation,,,,"SECTION_TITLE: Summary
CONTENT:
[
{""section"": ""Strategic Monitoring"", ""key_concept"": ""Objective → Transformation"", ""description"": ""Enables high-level control of strategic initiatives""},
{""section"": ""Capability Linkage"", ""key_concept"": ""Objective → Business Capability"", ""description"": ""Identifies critical capabilities and supports transparency""},
{""section"": ""Analytical Use"", ""key_concept"": ""Capability ↔ Objective"", ""description"": ""Supports impact analysis and alignment tracking""}
]",Objective,realizes,Transformation,entity_mismatch,known_relation_but_subject_and_object_not_allowed,
73|Lifecycle_Data|supports|Impact_Analysis,,,,"SECTION_TITLE: Lifecycle Management in LeanIX Fact Sheets
CONTENT:
Each Fact Sheet type in LeanIX can be assigned a lifecycle. Whether this assignment is mandatory depends on the specific Fact Sheet type and is indicated on its detail page. Recommended Practice Regardless of whether the lifecycle is mandatory, it is strongly recommended to provide the following information: • Start of productive use (Go-Live date) • Decommissioning date (if known) Depending on the desired level of detail, additi",Lifecycle_Data,supports,Impact_Analysis,entity_mismatch,known_relation_but_subject_and_object_not_allowed,
174|Business_Capability|realizes|IT_Product,,,,"SECTION_TITLE: Structure Summary
CONTENT:
[
{""section"": ""Decision Rule"", ""key_concept"": ""Classification Logic"", ""description"": ""Defines when to use IT Product vs. IT Component"", ""examples"": ""Business Capability → IT Product; Technical Capability → IT Component""},
{""section"": ""IT Product Characteristics"", ""key_concept"": ""Definition"", ""description"": ""Logical bundle of business functions, may include custom or third-party software"", ""examples"": ""SaaS, on-prem apps, business platforms""},
{""section"":",Business_Capability,realizes,IT_Product,relation_mismatch,known_relation_but_object_not_allowed,
146|PaaS|realizes|Cloud_Platform,,,,"SECTION_TITLE: IT Component Categories
CONTENT:
[
{""category"": ""Hardware"", ""description"": ""Physical IT infrastructure"", ""examples"": ""IBM z15, HP ProLiant DL560""},
{""category"": ""IaaS"", ""description"": ""Virtualized infrastructure"", ""examples"": ""AWS EC2, Azure VMs""},
{""category"": ""PaaS"", ""description"": ""Cloud platforms for development"", ""examples"": ""Google App Engine, SAP BTP""},
{""category"": ""SaaS"", ""description"": ""Subscription-based software"", ""examples"": ""Salesforce, LeanIX""},
{""category"": ""Servic",PaaS,realizes,Cloud_Platform,entity_mismatch,known_relation_but_subject_and_object_not_allowed,
13|IT_Product|supports|Business_Process,,,,"SECTION_TITLE: Purpose and Benefits
CONTENT:
[
{""section"": ""Definition"", ""element"": ""Digital Solution"", ""description"": ""Aconstruct composed of IT Products and potentially processes, methods, and organizational elements""},
{""section"": ""Definition"", ""element"": ""IT Product"", ""description"": ""Application, service, or platform with supporting technologies""},
{""section"": ""Composition"", ""element"": ""Modular Structure"", ""description"": ""Multiple IT Products form a Digital Solution""},
{""section"": ""Compositi",IT_Product,supports,Business_Process,entity_mismatch,known_relation_but_object_not_allowed,
77|Organizational_Structure|consists_of|Division,,,,"SECTION_TITLE: Responsibility at the Organizational Structure Level
CONTENT:
• Division • Main Department • Department • Subdepartment (lowest level) In LeanIX modeling, unless explicitly stated otherwise, responsibility must always be assigned to the lowest available level of the organizational structure.
• Ensure that the assigned unit reflects the actual operational responsibility.
• This ensures clear accountability, accurate reporting, and effective governance.",Organizational_Structure,consists_of,Division,entity_mismatch,known_relation_but_subject_and_object_not_allowed,
7|Application|classifies|Technical_Component,,,,"SECTION_TITLE: Structure Summary
CONTENT:
[
{""section"": ""Application Classification"", ""key_concept"": ""Capability ↔ System Type"", ""description"": ""Distinguishes business application vs. technical component""},
{""section"": ""Conceptual Separation"", ""key_concept"": ""Capability ≠ Process"", ""description"": ""\""What\"" vs. \""How\"" distinction""},
{""section"": ""Analytical Use"", ""key_concept"": ""Capability → IT Landscape"", ""description"": ""Identifies gaps, overlaps, and optimization potential""},
{""section"": ""Lifec",Application,classifies,Technical_Component,entity_mismatch,known_relation_but_object_not_allowed,
